Workbook

Sheet Sheet1
A2: 交易时间
B3: 1000 | C3: 新高 | D3: 新低 | G3: 300 | H3: 新高 | I3: 新低
A4: 44095 | C4: 43 | D4: 36 | H4: 12 | I4: 17
A5: 44096 | C5: 14 | D5: 211 | H5: 5 | I5: 57
A6: 44097 | B6: -94 | C6: 26 | D6: 118 | E6: 6862.97 | G6: -32.666667 | H6: 7 | I6: 48
A7: 44098 | B7: -256.66667 | C7: 8 | D7: 489 | E7: 6675.15 | G7: -70.666667 | H7: 0 | I7: 119
A8: 44099 | B8: -329 | C8: 8 | D8: 422 | E8: 6634.39 | G8: -85.333333 | H8: 4 | I8: 100
A9: 44102 | B9: -466.66667 | C9: 17 | D9: 522 | E9: 6550.37 | G9: -97.333333 | H9: 3 | I9: 80
A10: 44103 | B10: -350 | C10: 23 | D10: 154 | E10: 6621.03 | G10: -71.666667 | H10: 5 | I10: 47
A11: 44104 | B11: -292 | C11: 21 | D11: 261 | E11: 6617.16 | G11: -61.333333 | H11: 9 | I11: 74
A12: 44113 | B12: -98 | C12: 85 | D12: 8 | E12: 6822.36 | G12: -26.666667 | H12: 34 | I12: 7
A13: 44116 | B13: 8 | C13: 190 | D13: 3 | E13: 7036.28 | G13: 14.333333 | H13: 83 | I13: 2
A14: 44117 | B14: 138 | C14: 157 | D14: 7 | E14: 7053.87 | G14: 56.333333 | H14: 64 | I14: 3
A15: 44118 | B15: 145.33333 | C15: 120 | D15: 21 | E15: 6988.61 | G15: 57.333333 | H15: 41 | I15: 11
A16: 44119 | B16: 97.333333 | C16: 88 | D16: 45 | E16: 6926.85 | G16: 37 | H16: 36 | I16: 16
A17: 44120 | B17: 52 | C17: 77 | D17: 63 | E17: 6906.39 | G17: 22.666667 | H17: 34 | I17: 16
... A1150: 45827 | B1150: -115.33333 | C1150: 52 | D1150: 320 | E1150: 6048.22 | G1150: -26.333333 | H1150: 16 | I1150: 95
A1151: 45828 | B1151: -199.33333 | E1151: 5999.59 | G1151: -41 | H1151: 27 | I1151: 68
A1152: 45831 | B1152: -169.33333 | E1152: 6078.22 | G1152: -44.333333 | H1152: 35 | I1152: 48
A1153: 45832 | B1153: -26.333333 | E1153: 6194.67 | G1153: -1.6666667 | H1153: 57 | I1153: 8
A1154: 45833 | B1154: 143.33333 | E1154: 6276.16 | G1154: 42 | H1154: 94 | I1154: 4
A1155: 45834 | B1155: 181 | E1155: 6247.79 | G1155: 59.333333 | H1155: 47 | I1155: 8
A1156: 45835 | B1156: 207 | E1156: 6276.94 | G1156: 54.333333 | H1156: 46 | I1156: 12
A1157: 45838 | B1157: 185.33333 | E1157: 6356.18 | G1157: 41 | H1157: 57 | I1157: 7
A1158: 45839 | B1158: 174.66667 | E1158: 6373.77 | G1158: 40.666667 | H1158: 43 | I1158: 5
A1159: 45840 | B1159: 133 | E1159: 6309.48 | G1159: 46.333333 | H1159: 60 | I1159: 9
A1160: 45841 | B1160: 92.333333 | E1160: 6342.64 | G1160: 46.333333 | H1160: 59 | I1160: 9
A1161: 45842 | B1161: 95.333333 | E1161: 6312.2 | G1161: 47 | H1161: 47 | I1161: 7
A1162: 45845 | B1162: 129.33333 | E1162: 6327.14 | G1162: 39.666667 | H1162: 45 | I1162: 16
... A1212: 45915 | B1212: 44.333333 | E1212: 7415.57 | G1212: 1 | H1212: 23 | I1212: 42
A1213: 45916 | B1213: 51 | E1213: 7483.63 | G1213: =AVERAGE(H1211:H1213)-AVERAGE(I1211:I1213) -> -19 | H1213: 22 | I1213: 54
A1214: 45917 | B1214: 6.6666667 | E1214: 7554.81
A1215: 45918 | B1215: -54.666667 | E1215: 7476.4
A1216: 45919 | B1216: -130.66667 | E1216: 7438.19
A1217: 45922 | B1217: -179.66667 | E1217: 7489.48
A1218: 45923 | B1218: 0 | E1218: 7408.07
A1219: 45924 | B1219: 0 | E1219: 7507.58

Sheet 测算
A1: 交易时间 | B1: 开盘价 | C1: 最高价 | D1: 最低价 | E1: 收盘价 | I1: 成交额 | J1: 5 | K1: 20
A2: 42334 | B2: 10745.06 | C2: 10772.62 | D2: 10595.1 | E2: 10620.83 | I2: 376940830720
A3: 42335 | B3: 10560.39 | C3: 10619.71 | D3: 9859.02 | E3: 9933.5 | I3: 372029538304
A4: 42338 | B4: 9935.4 | C4: 10058.66 | D4: 9406.73 | E4: 10001.19 | I4: 321899188224
A5: 42339 | B5: 9985.79 | C5: 10101.51 | D5: 9832.26 | E5: 9955.21 | I5: 271316594688
A6: 42340 | B6: 9928.27 | C6: 9954.86 | D6: 9506.1 | E6: 9822.06 | I6: 236802535424
A7: 42341 | B7: 9833.3 | C7: 10103.49 | D7: 9832.95 | E7: 10102.89 | I7: 240931471360
A8: 42342 | B8: 10073.67 | C8: 10199.95 | D8: 9996.29 | E8: 10081.57 | I8: 268457361408
A9: 42345 | B9: 10105.79 | C9: 10238.79 | D9: 10038.58 | E9: 10238.02 | I9: 258635124736
A10: 42346 | B10: 10189.87 | C10: 10210.75 | D10: 10022.62 | E10: 10057.74 | I10: 280221765632
A11: 42347 | B11: 10002.73 | C11: 10111.56 | D11: 9945.79 | E11: 10034.19 | I11: 254279454720
A12: 42348 | B12: 10024.19 | C12: 10145.99 | D12: 10008.74 | E12: 10035.45 | I12: 256497684480
A13: 42349 | B13: 10003.76 | C13: 10043.54 | D13: 9915.11 | E13: 9946.12 | I13: 221143658496
... A22: 42362 | B22: 10600.47 | C22: 10662.43 | D22: 10413.92 | E22: 10633.19 | I22: 230327783424
A23: 42363 | B23: 10651.66 | C23: 10760.15 | D23: 10645.44 | E23: 10726.99 | I23: 219758198784 | J23: 2.5883043e+11
A24: 42366 | B24: 10765.91 | C24: 10859.83 | D24: 10515.36 | E24: 10515.36 | I24: 298902507520 | J24: 2.6295248e+11
A25: 42367 | B25: 10499.5 | C25: 10654.42 | D25: 10406.06 | E25: 10653.71 | I25: 228954329088 | J25: 2.4920501e+11
A26: 42368 | B26: 10678.11 | C26: 10813.02 | D26: 10661.28 | E26: 10806.7 | I26: 256185892864 | J26: 2.6134758e+11
A27: 42369 | B27: 10810.35 | C27: 10839.05 | D27: 10614.38 | E27: 10614.38 | I27: 240733024256 | J27: 241957748736
A28: 42373 | B28: 10598.27 | C28: 10602.65 | D28: 9694.63 | E28: 9694.84 | I28: 196597043200 | J28: 2.3117199e+11
A29: 42374 | B29: 9140.67 | C29: 9680.16 | D29: 9084.87 | E29: 9452.04 | I29: 265746817024 | J29: 2.3435896e+11
A30: 42375 | B30: 9511.73 | C30: 9710.12 | D30: 9404.07 | E30: 9709.57 | I30: 227283116032 | J30: 229875658752
A31: 42376 | B31: 9511.14 | C31: 9511.14 | D31: 8850.15 | E31: 8856.49 | I31: 57536623616 | J31: 1.8352219e+11
A32: 42377 | B32: 9049.77 | C32: 9141.57 | D32: 8404.51 | E32: 8876.25 | I32: 230862790656 | J32: 171894176768
A33: 42380 | B33: 8651.33 | C33: 8754.36 | D33: 8203.43 | E33: 8205.12 | I33: 194711633920 | J33: 161037016064
A34: 42381 | B34: 8164.34 | C34: 8304.14 | D34: 7968.75 | E34: 8187.96 | I34: 169839431680 | J34: 1.9847129e+11
... A59: 42423 | B59: 8414.67 | C59: 8437.16 | D59: 8230.98 | E59: 8357.36 | I59: 192375009280 | J59: 184889352192
A60: 42424 | B60: 8316.83 | C60: 8399.43 | D60: 8161 | E60: 8364.66 | I60: 196294406144 | J60: 1.9408099e+11 | K60: 1.5387541e+11
A61: 42425 | B61: 8340.46 | C61: 8340.59 | D61: 7673.22 | E61: 7702.59 | I61: 214208675840 | J61: 2.0095936e+11 | K61: 1.5580609e+11
A62: 42426 | B62: 7750.74 | C62: 7799.3 | D62: 7487.27 | E62: 7666.82 | I62: 158808006656 | J62: 189770362880 | K62: 1.5644824e+11
A63: 42429 | B63: 7614.16 | C63: 7614.16 | D63: 7113.07 | E63: 7183.68 | I63: 138384515072 | J63: 170467065856 | K63: 1.5633751e+11
A64: 42430 | B64: 7183.11 | C64: 7402.31 | D64: 7038.61 | E64: 7345.09 | I64: 144811421696 | J64: 147334647808 | K64: 1.5529901e+11
A65: 42431 | B65: 7324.49 | C65: 7724.3 | D65: 7323.37 | E65: 7711.89 | I65: 183328415744 | J65: 155508117504 | K65: 1.5649135e+11
A66: 42432 | B66: 7711.3 | C66: 7875.95 | D66: 7693.9 | E66: 7727.16 | I66: 200406261760 | J66: 1.7618203e+11 | K66: 1.6032165e+11
A67: 42433 | B67: 7684.92 | C67: 7735.55 | D67: 7321.56 | E67: 7418.8 | I67: 176786644992 | J67: 186840440832 | K67: 1.6259322e+11
A68: 42436 | B68: 7494.04 | C68: 7670.96 | D68: 7494.04 | E68: 7600.44 | I68: 140232208384 | J68: 1.7247504e+11 | K68: 1.6381043e+11
A69: 42437 | B69: 7585.86 | C69: 7670.99 | D69: 7276.67 | E69: 7670.69 | I69: 165230014464 | J69: 1.6074962e+11 | K69: 1.6542485e+11
A70: 42438 | B70: 7486.95 | C70: 7634 | D70: 7430.43 | E70: 7500.17 | I70: 131949670400 | J70: 145803964416 | K70: 165740197888
A71: 42439 | B71: 7503.42 | C71: 7568.24 | D71: 7364.29 | E71: 7376.7 | I71: 116041793536 | J71: 137740492800 | K71: 1.6414423e+11
... A378: 42900 | B378: 7346.52 | C378: 7382.58 | D378: 7340.7 | E378: 7362.86 | I378: 96077209600 | J378: 9.0051005e+10 | K378: 88425385984
A379: 42901 | B379: 7350.01 | C379: 7468.21 | D379: 7348.42 | E379: 7455.39 | F379: 涨跌幅 | G379: 持股阶段涨跌幅 | I379: 107603746816 | J379: 9.6703924e+10 | K379: 8.8264079e+10
A380: 42902 | B380: 7453.6 | C380: 7463.05 | D380: 7433.42 | E380: 7442.95 | I380: 94280617984 | J380: 99320524800 | K380: 8.7411826e+10
A381: 42905 | B381: 7435.25 | C381: 7489.82 | D381: 7435.24 | E381: 7489.76 | I381: 87490801664 | J381: 9.6458389e+10 | K381: 86907747328
A382: 42906 | B382: 7496.89 | C382: 7542.13 | D382: 7495.72 | E382: 7503.8 | I382: 107744747520 | J382: 96505389056 | K382: 8.8011194e+10
A383: 42907 | B383: 7510.01 | C383: 7521.21 | D383: 7456.56 | E383: 7504.19 | I383: 99722629120 | J383: 98319392768 | K383: 8.8531008e+10
A384: 42908 | B384: 7495.92 | C384: 7506.41 | D384: 7371.96 | E384: 7371.96 | I384: 108096352256 | J384: 105187909632 | K384: 8.9283876e+10
A385: 42909 | B385: 7355.76 | C385: 7383.93 | D385: 7262.41 | E385: 7376.67 | I385: 92898271232 | J385: 1.0023908e+11 | K385: 9.004986e+10 | S385: 吃贴水 | T385: 多空不含贴水升水计算
A386: 42912 | B386: 7370.62 | C386: 7462.25 | D386: 7363.39 | E386: 7462.1 | I386: 87122137088 | J386: 96038920192 | K386: 90006931456 | L386: 做空 | M386: 中证1000
A387: 42913 | B387: 7461.4 | C387: 7493.82 | D387: 7442.85 | E387: 7474.03 | I387: 86202613760 | J387: 88741007360 | K387: 9.0123567e+10
A388: 42914 | B388: 7457.36 | C388: 7457.71 | D388: 7411.38 | E388: 7423.47 | I388: 80354041856 | J388: 84559597568 | K388: 90246881280
A389: 42915 | B389: 7424.97 | C389: 7480.74 | D389: 7424.97 | E389: 7456.67 | I389: 78474989568 | J389: 8.1677215e+10 | K389: 9.0133862e+10
A390: 42916 | B390: 7435.7 | C390: 7473.27 | D390: 7416.45 | E390: 7465.76 | I390: 74481635328 | J390: 7.7770222e+10 | K390: 8.9990572e+10 | L390: =E390 -> 7465.76 | M390: =E390 -> 7465.76 | O390: =L2393/L390 -> 3.2163703 | S390: =L390 -> 7465.76 | T390: =L390 -> 7465.76
A391: 42919 | B391: 7468.15 | C391: 7537.33 | D391: 7460.44 | E391: 7537.11 | F391: 0.010787657 | I391: 86007918592 | J391: 7.9654848e+10 | K391: 90756302848 | L391: =IF(AND(以前300和1000统计!C390<-10,J390<K390*1.05,以前300和1000统计!G390<10),L390*(2-E391/E390),L390) -> 7465.76 | M391: =E391 -> 7537.11 | N391: =IF(L391=L390,1,0) -> 1 | S391: =IF(L391=L390,S390*E391/E390,S390) -> 7537.11 | T391: =IF(L391<>L390,T390*L391/L390,T390*S391/S390) -> 7537.11 | X391: =IF(AND(L391<>L390,以前300和1000统计!D391>以前300和1000统计!E391),1,"")
A392: 42920 | B392: 7533.99 | C392: 7540.94 | D392: 7506.52 | E392: 7523.7 | F392: 0.0077607638 | I392: 84796829696 | J392: 81762127872 | K392: 9.1551719e+10 | L392: =IF(AND(以前300和1000统计!C391<-10,J391<K391*1.05,以前300和1000统计!G391<10),L391*(2-E392/E391),L391) -> 7465.76 | M392: =E392 -> 7523.7 | N392: =IF(L392=L391,1,0) -> 1 | S392: =IF(L392=L391,S391*E392/E391,S391) -> 7523.7 | T392: =IF(L392<>L391,T391*L392/L391,T391*S392/S391) -> 7523.7 | X392: =IF(AND(L392<>L391,以前300和1000统计!D392>以前300和1000统计!E392),1,"")
A393: 42921 | B393: 7520.86 | C393: 7588.12 | D393: 7510.53 | E393: 7588.09 | F393: 0.0067638657 | I393: 95840387072 | J393: 8.8881712e+10 | K393: 9.1246651e+10 | L393: =IF(AND(以前300和1000统计!C392<-10,J392<K392*1.05,以前300和1000统计!G392<10),L392*(2-E393/E392),L392) -> 7465.76 | M393: =E393 -> 7588.09 | N393: =IF(L393=L392,1,0) -> 1 | S393: =IF(L393=L392,S392*E393/E392,S392) -> 7588.09 | T393: =IF(L393<>L392,T392*L393/L392,T392*S393/S392) -> 7588.09 | X393: =IF(AND(L393<>L392,以前300和1000统计!D393>以前300和1000统计!E393),1,"")
A394: 42922 | B394: 7583.15 | C394: 7613.26 | D394: 7543.34 | E394: 7601.79 | F394: 0.010379202 | I394: 116335710208 | J394: 9.8990976e+10 | K394: 9.2210764e+10 | L394: =IF(AND(以前300和1000统计!C393<-10,J393<K393*1.05,以前300和1000统计!G393<10),L393*(2-E394/E393),L393) -> 7465.76 | M394: =E394 -> 7601.79 | N394: =IF(L394=L393,1,0) -> 1 | S394: =IF(L394=L393,S393*E394/E393,S393) -> 7601.79 | T394: =IF(L394<>L393,T393*L394/L393,T393*S394/S393) -> 7601.79 | X394: =IF(AND(L394<>L393,以前300和1000统计!D394>以前300和1000统计!E394),1,"")
A395: 42923 | B395: 7585.33 | C395: 7623.5 | D395: 7576.81 | E395: 7623.38 | F395: 0.0046507092 | I395: 108753207296 | J395: 1.0697643e+11 | K395: 9.3317983e+10 | L395: =IF(AND(以前300和1000统计!C394<-10,J394<K394*1.05,以前300和1000统计!G394<10),L394*(2-E395/E394),L394) -> 7465.76 | M395: =E395 -> 7623.38 | N395: =IF(L395=L394,1,0) -> 1 | S395: =IF(L395=L394,S394*E395/E394,S394) -> 7623.38 | T395: =IF(L395<>L394,T394*L395/L394,T394*S395/S394) -> 7623.38 | X395: =IF(AND(L395<>L394,以前300和1000统计!D395>以前300和1000统计!E395),1,"")
A396: 42926 | B396: 7613.31 | C396: 7626.85 | D396: 7567.1 | E396: 7577.82 | F396: -0.0031532047 | I396: 113139302400 | J396: 112742739968 | K396: 9.4592698e+10 | L396: =IF(AND(以前300和1000统计!C395<-10,J395<K395*1.05,以前300和1000统计!G395<10),L395*(2-E396/E395),L395) -> 7465.76 | M396: =E396 -> 7577.82 | N396: =IF(L396=L395,1,0) -> 1 | S396: =IF(L396=L395,S395*E396/E395,S395) -> 7577.82 | T396: =IF(L396<>L395,T395*L396/L395,T395*S396/S395) -> 7577.82 | X396: =IF(AND(L396<>L395,以前300和1000统计!D396>以前300和1000统计!E396),1,"")
A397: 42927 | B397: 7566.41 | C397: 7575.47 | D397: 7484.06 | E397: 7484.06 | F397: -0.018275358 | I397: 104100941824 | J397: 108664483840 | K397: 95476204544 | L397: =IF(AND(以前300和1000统计!C396<-10,J396<K396*1.05,以前300和1000统计!G396<10),L396*(2-E397/E396),L396) -> 7465.76 | M397: =E397 -> 7484.06 | N397: =IF(L397=L396,1,0) -> 1 | O397: 开始 | P397: 结束 | Q397: 每次盈亏 | R397: 10天涨幅 | S397: =IF(L397=L396,S396*E397/E396,S396) -> 7484.06 | T397: =IF(L397<>L396,T396*L397/L396,T396*S397/S396) -> 7484.06 | X397: =IF(AND(L397<>L396,以前300和1000统计!D397>以前300和1000统计!E397),1,"")
A398: 42928 | B398: 7471.56 | C398: 7494.95 | D398: 7367.26 | E398: 7474.33 | F398: -0.013656962 | I398: 100201619456 | J398: 105813954560 | K398: 9.5682425e+10 | L398: =IF(AND(以前300和1000统计!C397<-10,J397<K397*1.05,以前300和1000统计!G397<10),L397*(2-E398/E397),L397) -> 7465.76 | M398: =E398 -> 7474.33 | N398: =IF(L398=L397,1,0) -> 1 | S398: =IF(L398=L397,S397*E398/E397,S397) -> 7474.33 | T398: =IF(L398<>L397,T397*L398/L397,T397*S398/S397) -> 7474.33 | X398: =IF(AND(L398<>L397,以前300和1000统计!D398>以前300和1000统计!E398),1,"")
A399: 42929 | B399: 7463.28 | C399: 7494.73 | D399: 7452.13 | E399: 7474.3 | F399: -0.001304105 | I399: 90255495168 | J399: 98186018816 | K399: 9.4815012e+10 | L399: =IF(AND(以前300和1000统计!C398<-10,J398<K398*1.05,以前300和1000统计!G398<10),L398*(2-E399/E398),L398) -> 7465.76 | M399: =E399 -> 7474.3 | N399: =IF(L399=L398,1,0) -> 1 | S399: =IF(L399=L398,S398*E399/E398,S398) -> 7474.3 | T399: =IF(L399<>L398,T398*L399/L398,T398*S399/S398) -> 7474.3 | X399: =IF(AND(L399<>L398,以前300和1000统计!D399>以前300和1000统计!E399),1,"")
A400: 42930 | B400: 7460.53 | C400: 7465.54 | D400: 7415.58 | E400: 7433.18 | F400: -0.0055055102 | I400: 84993306624 | J400: 9.1816807e+10 | K400: 9.4350647e+10 | L400: =IF(AND(以前300和1000统计!C399<-10,J399<K399*1.05,以前300和1000统计!G399<10),L399*(2-E400/E399),L399) -> 7465.76 | M400: =E400 -> 7433.18 | N400: =IF(L400=L399,1,0) -> 1 | S400: =IF(L400=L399,S399*E400/E399,S399) -> 7433.18 | T400: =IF(L400<>L399,T399*L400/L399,T399*S400/S399) -> 7433.18 | X400: =IF(AND(L400<>L399,以前300和1000统计!D400>以前300和1000统计!E400),1,"")
A401: 42933 | B401: 7405.91 | C401: 7405.91 | D401: 7048.54 | E401: 7048.54 | F401: -0.056963194 | I401: 121889173504 | J401: 9.9045992e+10 | K401: 9.6070565e+10 | L401: =IF(AND(以前300和1000统计!C400<-10,J400<K400*1.05,以前300和1000统计!G400<10),L400*(2-E401/E400),L400) -> 7465.76 | M401: =E401 -> 7048.54 | N401: =IF(L401=L400,1,0) -> 1 | O401: 7465.76 | Q401: -0.021659656 | R401: -0.064821928 | S401: =IF(L401=L400,S400*E401/E400,S400) -> 7048.54 | T401: =IF(L401<>L400,T400*L401/L400,T400*S401/S400) -> 7048.54 | X401: =IF(AND(L401<>L400,以前300和1000统计!D401>以前300和1000统计!E401),1,"")
A402: 42934 | B402: 7013.31 | C402: 7109.94 | D402: 6988.52 | E402: 7109.6 | F402: -0.04353184 | I402: 85783191552 | J402: 9.7555224e+10 | K402: 94972487680 | L402: =L401 -> 7465.76 | M402: =E402 -> 7109.6 | N402: =IF(L402=L401,1,0) -> 1 | S402: =IF(L402=L401,S401*E402/E401,S401) -> 7109.6 | T402: =IF(L402<>L401,T401*L402/L401,T401*S402/S401) -> 7109.6 | X402: =IF(AND(L402<>L401,以前300和1000统计!D402>以前300和1000统计!E402),1,"")
A403: 42935 | B403: 7097.54 | C403: 7202.95 | D403: 7081.51 | E403: 7202.81 | F403: 0.021886802 | I403: 101779968000 | J403: 1.0315078e+11 | K403: 95075354624 | L403: =L402 -> 7465.76 | M403: =E403 -> 7202.81 | N403: =IF(L403=L402,1,0) -> 1 | P403: 7304.0542 | S403: =IF(L403=L402,S402*E403/E402,S402) -> 7202.81 | T403: =IF(L403<>L402,T402*L403/L402,T402*S403/S402) -> 7202.81 | X403: =IF(AND(L403<>L402,以前300和1000统计!D403>以前300和1000统计!E403),1,"")
A404: 42936 | B404: 7199.68 | C404: 7273.98 | D404: 7192.07 | E404: 7244.9 | F404: 0.019030607 | I404: 111873581056 | J404: 9.9812247e+10 | K404: 95264216064 | L404: =IF(AND(以前300和1000统计!C403<-10,J403<K403*1.05,以前300和1000统计!G403<10),L403*(2-E404/E403),L403) -> 7465.76 | M404: =E404 -> 7244.9 | N404: =IF(L404=L403,1,0) -> 1 | S404: =IF(L404=L403,S403*E404/E403,S403) -> 7244.9 | T404: =IF(L404<>L403,T403*L404/L403,T403*S404/S403) -> 7244.9 | X404: =IF(AND(L404<>L403,以前300和1000统计!D404>以前300和1000统计!E404),1,"")
A405: 42937 | B405: 7232.81 | C405: 7268.24 | D405: 7227.96 | E405: 7252.71 | F405: 0.0069278518 | I405: 104559947776 | J405: 1.0607117e+11 | K405: 9.58473e+10 | L405: =IF(AND(以前300和1000统计!C404<-10,J404<K404*1.05,以前300和1000统计!G404<10),L404*(2-E405/E404),L404) -> 7465.76 | M405: =E405 -> 7252.71 | N405: =IF(L405=L404,1,0) -> 1 | S405: =IF(L405=L404,S404*E405/E404,S404) -> 7252.71 | T405: =IF(L405<>L404,T404*L405/L404,T404*S405/S404) -> 7252.71 | X405: =IF(AND(L405<>L404,以前300和1000统计!D405>以前300和1000统计!E405),1,"")
A406: 42940 | B406: 7235.01 | C406: 7295.28 | D406: 7228.84 | E406: 7292.65 | F406: 0.0065908432 | I406: 111542284288 | J406: 109325271040 | K406: 9.7068307e+10 | L406: =IF(AND(以前300和1000统计!C405<-10,J405<K405*1.05,以前300和1000统计!G405<10),L405*(2-E406/E405),L405) -> 7465.76 | M406: =E406 -> 7292.65 | N406: =IF(L406=L405,1,0) -> 1 | S406: =IF(L406=L405,S405*E406/E405,S405) -> 7292.65 | T406: =IF(L406<>L405,T405*L406/L405,T405*S406/S405) -> 7292.65 | X406: =IF(AND(L406<>L405,以前300和1000统计!D406>以前300和1000统计!E406),1,"")
A407: 42941 | B407: 7281.39 | C407: 7297.11 | D407: 7237.52 | E407: 7278.84 | F407: 0.0036027912 | I407: 97786134528 | J407: 1.0462946e+11 | K407: 9.7647483e+10 | L407: =IF(AND(以前300和1000统计!C406<-10,J406<K406*1.05,以前300和1000统计!G406<10),L406*(2-E407/E406),L406) -> 7465.76 | M407: =E407 -> 7278.84 | N407: =IF(L407=L406,1,0) -> 1 | S407: =IF(L407=L406,S406*E407/E406,S406) -> 7278.84 | T407: =IF(L407<>L406,T406*L407/L406,T406*S407/S406) -> 7278.84 | X407: =IF(AND(L407<>L406,以前300和1000统计!D407>以前300和1000统计!E407),1,"")
A408: 42942 | B408: 7275.88 | C408: 7290.14 | D408: 7238.27 | E408: 7289.88 | F408: -0.00037983449 | I408: 103958953984 | J408: 1.0442912e+11 | K408: 98827728896 | L408: =IF(AND(以前300和1000统计!C407<-10,J407<K407*1.05,以前300和1000统计!G407<10),L407*(2-E408/E407),L407) -> 7465.76 | M408: =E408 -> 7289.88 | N408: =IF(L408=L407,1,0) -> 1 | S408: =IF(L408=L407,S407*E408/E407,S407) -> 7289.88 | T408: =IF(L408<>L407,T407*L408/L407,T407*S408/S407) -> 7289.88 | X408: =IF(AND(L408<>L407,以前300和1000统计!D408>以前300和1000统计!E408),1,"")
A409: 42943 | B409: 7274.15 | C409: 7388.29 | D409: 7252.46 | E409: 7383.11 | F409: 0.014325085 | I409: 135834472448 | J409: 112526520320 | K409: 101695703040 | L409: =IF(AND(以前300和1000统计!C408<-10,J408<K408*1.05,以前300和1000统计!G408<10),L408*(2-E409/E408),L408) -> 7465.76 | M409: =E409 -> 7383.11 | N409: =IF(L409=L408,1,0) -> 1 | S409: =IF(L409=L408,S408*E409/E408,S408) -> 7383.11 | T409: =IF(L409<>L408,T408*L409/L408,T408*S409/S408) -> 7383.11 | X409: =IF(AND(L409<>L408,以前300和1000统计!D409>以前300和1000统计!E409),1,"")
A410: 42944 | B410: 7366.55 | C410: 7400.37 | D410: 7361.36 | E410: 7386.21 | F410: 0.013214209 | I410: 115423342592 | J410: 1.1840559e+11 | K410: 1.0374279e+11 | L410: =IF(AND(以前300和1000统计!C409<-10,J409<K409*1.05,以前300和1000统计!G409<10),L409*(2-E410/E409),L409) -> 7465.76 | M410: =E410 -> 7386.21 | N410: =IF(L410=L409,1,0) -> 1 | S410: =IF(L410=L409,S409*E410/E409,S409) -> 7386.21 | T410: =IF(L410<>L409,T409*L410/L409,T409*S410/S409) -> 7386.21 | X410: =IF(AND(L410<>L409,以前300和1000统计!D410>以前300和1000统计!E410),1,"")
A411: 42947 | B411: 7382.96 | C411: 7445.25 | D411: 7371.04 | E411: 7444.96 | F411: 0.0083772286 | I411: 128073494528 | J411: 126443769856 | K411: 105846067200 | L411: =IF(AND(以前300和1000统计!C410<-10,J410<K410*1.05,以前300和1000统计!G410<10),L410*(2-E411/E410),L410) -> 7465.76 | M411: =E411 -> 7444.96 | N411: =IF(L411=L410,1,0) -> 1 | S411: =IF(L411=L410,S410*E411/E410,S410) -> 7444.96 | T411: =IF(L411<>L410,T410*L411/L410,T410*S411/S410) -> 7444.96 | X411: =IF(AND(L411<>L410,以前300和1000统计!D411>以前300和1000统计!E411),1,"")
A412: 42948 | B412: 7444.75 | C412: 7456.41 | D412: 7416.97 | E412: 7452.93 | F412: 0.0090330494 | I412: 127857811456 | J412: 1.2378488e+11 | K412: 107999116288 | L412: =IF(AND(以前300和1000统计!C411<-10,J411<K411*1.05,以前300和1000统计!G411<10),L411*(2-E412/E411),L411) -> 7465.76 | M412: =E412 -> 7452.93 | N412: =IF(L412=L411,1,0) -> 1 | S412: =IF(L412=L411,S411*E412/E411,S411) -> 7452.93 | T412: =IF(L412<>L411,T411*L412/L411,T411*S412/S411) -> 7452.93 | X412: =IF(AND(L412<>L411,以前300和1000统计!D412>以前300和1000统计!E412),1,"")
A413: 42949 | B413: 7445.29 | C413: 7453.2 | D413: 7385.35 | E413: 7389.51 | F413: -0.0074479917 | I413: 131044200448 | J413: 1.2899184e+11 | K413: 1.0975931e+11 | L413: =IF(AND(以前300和1000统计!C412<-10,J412<K412*1.05,以前300和1000统计!G412<10),L412*(2-E413/E412),L412) -> 7465.76 | M413: =E413 -> 7389.51 | N413: =IF(L413=L412,1,0) -> 1 | S413: =IF(L413=L412,S412*E413/E412,S412) -> 7389.51 | T413: =IF(L413<>L412,T412*L413/L412,T412*S413/S412) -> 7389.51 | X413: =IF(AND(L413<>L412,以前300和1000统计!D413>以前300和1000统计!E413),1,"")
A414: 42950 | B414: 7374.47 | C414: 7451.61 | D414: 7368.53 | E414: 7424.11 | F414: -0.0038669356 | I414: 122738774016 | J414: 1.272136e+11 | K414: 1.1007946e+11 | L414: =IF(AND(以前300和1000统计!C413<-10,J413<K413*1.05,以前300和1000统计!G413<10),L413*(2-E414/E413),L413) -> 7465.76 | M414: =E414 -> 7424.11 | N414: =IF(L414=L413,1,0) -> 1 | S414: =IF(L414=L413,S413*E414/E413,S413) -> 7424.11 | T414: =IF(L414<>L413,T413*L414/L413,T413*S414/S413) -> 7424.11 | X414: =IF(AND(L414<>L413,以前300和1000统计!D414>以前300和1000统计!E414),1,"")
A415: 42951 | B415: 7417.31 | C415: 7447.36 | D415: 7389.15 | E415: 7389.15 | F415: -4.8717709e-05 | I415: 132178587648 | J415: 1.2865385e+11 | K415: 1.1125073e+11 | L415: =IF(AND(以前300和1000统计!C414<-10,J414<K414*1.05,以前300和1000统计!G414<10),L414*(2-E415/E414),L414) -> 7465.76 | M415: =E415 -> 7389.15 | N415: =IF(L415=L414,1,0) -> 1 | S415: =IF(L415=L414,S414*E415/E414,S414) -> 7389.15 | T415: =IF(L415<>L414,T414*L415/L414,T414*S415/S414) -> 7389.15 | X415: =IF(AND(L415<>L414,以前300和1000统计!D415>以前300和1000统计!E415),1,"")
... A447: 42997 | B447: 7941.07 | C447: 7948.3 | D447: 7880.96 | E447: 7905.71 | F447: 0.0031901246 | I447: 128893607936 | J447: 1.2933381e+11 | K447: 1.3492342e+11 | L447: =IF(AND(以前300和1000统计!C446<-10,J446<K446*1.05,以前300和1000统计!G446<10),L446*(2-E447/E446),L446) -> 7465.76 | M447: =E447 -> 7905.71 | N447: =IF(L447=L446,1,0) -> 1 | S447: =IF(L447=L446,S446*E447/E446,S446) -> 7905.71 | T447: =IF(L447<>L446,T446*L447/L446,T446*S447/S446) -> 7905.71 | X447: =IF(AND(L447<>L446,以前300和1000统计!D447>以前300和1000统计!E447),1,"")
A448: 42998 | B448: 7896.82 | C448: 7975.61 | D448: 7883.28 | E448: 7975.39 | F448: 0.0042446938 | I448: 136776785920 | J448: 1.2956297e+11 | K448: 1.3685103e+11 | L448: =IF(AND(以前300和1000统计!C447<-10,J447<K447*1.05,以前300和1000统计!G447<10),L447*(2-E448/E447),L447) -> 7465.76 | M448: =E448 -> 7975.39 | N448: =IF(L448=L447,1,0) -> 1 | Q448: 收益 | R448: 前十天涨跌幅 | S448: =IF(L448=L447,S447*E448/E447,S447) -> 7975.39 | T448: =IF(L448<>L447,T447*L448/L447,T447*S448/S447) -> 7975.39 | U448: 前十天最大 | V448: 开仓到最大跌多少 | W448: 收益 | X448: 做空中当天新高大于新低+30
A449: 42999 | B449: 7974.71 | C449: 7981.78 | D449: 7886.52 | E449: 7886.52 | F449: -0.0024273595 | I449: 139595051008 | J449: 1.3508848e+11 | K449: 1.3909677e+11 | L449: =IF(AND(以前300和1000统计!C448<-10,J448<K448*1.05,以前300和1000统计!G448<10),L448*(2-E449/E448),L448) -> 7465.76 | M449: =E449 -> 7886.52 | N449: =IF(L449=L448,1,0) -> 1 | S449: =IF(L449=L448,S448*E449/E448,S448) -> 7886.52 | T449: =IF(L449<>L448,T448*L449/L448,T448*S449/S448) -> 7886.52 | X449: =IF(AND(L449<>L448,以前300和1000统计!D449>以前300和1000统计!E449),1,"")
A450: 43000 | B450: 7860.86 | C450: 7873.25 | D450: 7807.83 | E450: 7849.73 | F450: -0.015755969 | I450: 119331119104 | J450: 131900985344 | K450: 1.4029709e+11 | L450: =IF(AND(以前300和1000统计!C449<-10,J449<K449*1.05,以前300和1000统计!G449<10),L449*(2-E450/E449),L449) -> 7465.76 | M450: =E450 -> 7849.73 | N450: =IF(L450=L449,1,0) -> 1 | O450: 7304.0542 | Q450: -0.018712859 | R450: 0.0013943461 | S450: =IF(L450=L449,S449*E450/E449,S449) -> 7849.73 | T450: =IF(L450<>L449,T449*L450/L449,T449*S450/S449) -> 7849.73 | U450: 7975.39 | V450: -0.015755969 | W450: -0.018712859 | X450: =IF(AND(L450<>L449,以前300和1000统计!D450>以前300和1000统计!E450),1,"")
A451: 43003 | B451: 7835.2 | C451: 7843.28 | D451: 7725.57 | E451: 7731.8 | F451: -0.019618285 | G451: -0.019618285 | H451: =IF(AND(G451>0.02,G451<0.03),G451,"") | I451: 105585410048 | J451: 1.2150386e+11 | K451: 139411064832 | L451: =IF(AND(以前300和1000统计!C450<-10,J450<K450*1.05,以前300和1000统计!G450<10),L450*(2-E451/E450),L450) -> 7577.9214 | M451: =E451 -> 7731.8 | N451: =IF(L451=L450,1,0) -> 0 | S451: =IF(L451=L450,S450*E451/E450,S450) -> 7849.73 | T451: =IF(L451<>L450,T450*L451/L450,T450*S451/S450) -> 7967.66 | X451: =IF(AND(L451<>L450,以前300和1000统计!D451>以前300和1000统计!E451),1,"")
A452: 43004 | B452: 7723.11 | C452: 7751.06 | D452: 7697.11 | E452: 7746.24 | F452: -0.013183893 | G452: -0.013183893 | H452: =IF(AND(G452>0.02),G452,"") | I452: 92600446976 | J452: 1.0583899e+11 | K452: 137950668800 | L452: =IF(AND(以前300和1000统计!C451<-10,J451<K451*1.05,以前300和1000统计!G451<10),L451*(2-E452/E451),L451) -> 7563.7688 | M452: =E452 -> 7746.24 | N452: =IF(L452=L451,1,0) -> 0 | S452: =IF(L452=L451,S451*E452/E451,S451) -> 7849.73 | T452: =IF(L452<>L451,T451*L452/L451,T451*S452/S451) -> 7952.7795 | X452: =IF(AND(L452<>L451,以前300和1000统计!D452>以前300和1000统计!E452),1,"")
A453: 43005 | B453: 7745.59 | C453: 7812.88 | D453: 7742.47 | E453: 7810.23 | F453: 0.010143822 | G453: 0.010143822 | H453: =IF(AND(G453>0.02),G453,"") | I453: 98540863488 | J453: 9.8908907e+10 | K453: 1.3673807e+11 | L453: =IF(AND(以前300和1000统计!C452<-10,J452<K452*1.05,以前300和1000统计!G452<10),L452*(2-E453/E452),L452) -> 7501.2862 | M453: =E453 -> 7810.23 | N453: =IF(L453=L452,1,0) -> 0 | S453: =IF(L453=L452,S452*E453/E452,S452) -> 7849.73 | T453: =IF(L453<>L452,T452*L453/L452,T452*S453/S452) -> 7887.0833 | X453: =IF(AND(L453<>L452,以前300和1000统计!D453>以前300和1000统计!E453),1,"")
A454: 43006 | B454: 7800.13 | C454: 7818.99 | D454: 7766.86 | E454: 7768.38 | F454: 0.0028581609 | G454: 0.0028581609 | H454: =IF(AND(G454>0.02),G454,"") | I454: 104257196032 | J454: 98466168832 | K454: 1.360393e+11 | L454: =IF(AND(以前300和1000统计!C453<-10,J453<K453*1.05,以前300和1000统计!G453<10),L453*(2-E454/E453),L453) -> 7541.4808 | M454: =E454 -> 7768.38 | N454: =IF(L454=L453,1,0) -> 0 | S454: =IF(L454=L453,S453*E454/E453,S453) -> 7849.73 | T454: =IF(L454<>L453,T453*L454/L453,T453*S454/S453) -> 7929.3451 | X454: =IF(AND(L454<>L453,以前300和1000统计!D454>以前300和1000统计!E454),1,"")
A455: 43007 | B455: 7779.88 | C455: 7842.96 | D455: 7779.88 | E455: 7842.59 | F455: 0.0041432839 | G455: 0.0041432839 | H455: =IF(AND(G455>0.02),G455,"") | I455: 102747856896 | J455: 1.0184864e+11 | K455: 1.3390949e+11 | L455: =IF(AND(以前300和1000统计!C454<-10,J454<K454*1.05,以前300和1000统计!G454<10),L454*(2-E455/E454),L454) -> 7469.4383 | M455: =E455 -> 7842.59 | N455: =IF(L455=L454,1,0) -> 0 | S455: =IF(L455=L454,S454*E455/E454,S454) -> 7849.73 | T455: =IF(L455<>L454,T454*L455/L454,T454*S455/S454) -> 7853.5975 | X455: =IF(AND(L455<>L454,以前300和1000统计!D455>以前300和1000统计!E455+30),1,"") | Y455: =IF(X454=1,E455/E454-1,"")
A456: 43017 | B456: 7921.73 | C456: 7945.04 | D456: 7894.3 | E456: 7941.18 | F456: 0.02224402 | G456: 0.02224402 | H456: =IF(AND(G456>0.02),G456,"") -> 0.02224402 | I456: 122844016640 | J456: 109949689856 | K456: 1.3216431e+11 | L456: =IF(AND(以前300和1000统计!C455<-10,J455<K455*1.05,以前300和1000统计!G455<10),L455*(2-E456/E455),L455) -> 7375.5392 | M456: =E456 -> 7941.18 | N456: =IF(L456=L455,1,0) -> 0 | S456: =IF(L456=L455,S455*E456/E455,S455) -> 7849.73 | T456: =IF(L456<>L455,T455*L456/L455,T455*S456/S455) -> 7754.8691 | X456: =IF(AND(L456<>L455,以前300和1000统计!D456>以前300和1000统计!E456+30),1,"") -> 1 | Y456: =IF(X456=1,E456/E455-1,"") -> 0.012571102
A457: 43018 | B457: 7934.37 | C457: 7994.74 | D457: 7925.55 | E457: 7994.46 | F457: 0.019364776 | G457: 0.019364776 | H457: =IF(AND(G457>0.02),G457,"") | I457: 123864588288 | J457: 1.1648549e+11 | K457: 1.3113958e+11 | L457: =L456 -> 7375.5392 | M457: =E457 -> 7994.46 | N457: =IF(L457=L456,1,0) -> 1 | P457: 7167.3745 | S457: =IF(L457=L456,S456*E457/E456,S456) -> 7902.3964 | T457: =IF(L457<>L456,T456*L457/L456,T456*S457/S456) -> 7806.8991 | X457: =IF(AND(L457<>L456,以前300和1000统计!D457>以前300和1000统计!E457+30),1,"") | Y457: =IF(X457=1,E457/E456-1,"")
A458: 43019 | B458: 7991.22 | C458: 7997.99 | D458: 7953.95 | E458: 7961.11 | F458: 0.0025097026 | H458: =IF(AND(G458>0.02),G458,"") | I458: 138250231808 | J458: 1.2831961e+11 | K458: 1.3024297e+11 | L458: =IF(AND(以前300和1000统计!C457<-10,J457<K457*1.05,以前300和1000统计!G457<10),L457*(2-E458/E457),L457) -> 7375.5392 | M458: =E458 -> 7961.11 | N458: =IF(L458=L457,1,0) -> 1 | S458: =IF(L458=L457,S457*E458/E457,S457) -> 7869.4305 | T458: =IF(L458<>L457,T457*L458/L457,T457*S458/S457) -> 7774.3315 | X458: =IF(AND(L458<>L457,以前300和1000统计!D458>以前300和1000统计!E458+30),1,"") | Y458: =IF(X458=1,E458/E457-1,"")
A459: 43020 | B459: 7951.67 | C459: 7962.31 | D459: 7886.24 | E459: 7940.14 | F459: -0.0067947053 | H459: =IF(AND(G459>0.02),G459,"") | I459: 121756561408 | J459: 127957127168 | K459: 1.2806964e+11 | L459: =IF(AND(以前300和1000统计!C458<-10,J458<K458*1.05,以前300和1000统计!G458<10),L458*(2-E459/E458),L458) -> 7375.5392 | M459: =E459 -> 7940.14 | N459: =IF(L459=L458,1,0) -> 1 | S459: =IF(L459=L458,S458*E459/E458,S458) -> 7848.702 | T459: =IF(L459<>L458,T458*L459/L458,T458*S459/S458) -> 7753.8535 | X459: =IF(AND(L459<>L458,以前300和1000统计!D459>以前300和1000统计!E459+30),1,"") | Y459: =IF(X459=1,E459/E458-1,"")
A460: 43021 | B460: 7934.43 | C460: 7972.67 | D460: 7926.76 | E460: 7972.42 | F460: 0.0014206562 | H460: =IF(AND(G460>0.02),G460,"") | I460: 113476919296 | J460: 1.2449457e+11 | K460: 126640121856 | L460: =IF(AND(以前300和1000统计!C459<-10,J459<K459*1.05,以前300和1000统计!G459<10),L459*(2-E460/E459),L459) -> 7375.5392 | M460: =E460 -> 7972.42 | N460: =IF(L460=L459,1,0) -> 1 | S460: =IF(L460=L459,S459*E460/E459,S459) -> 7880.6102 | T460: =IF(L460<>L459,T459*L460/L459,T459*S460/S459) -> 7785.3762 | X460: =IF(AND(L460<>L459,以前300和1000统计!D460>以前300和1000统计!E460+30),1,"") | Y460: =IF(X460=1,E460/E459-1,"")
A461: 43024 | B461: 7963.52 | C461: 7964.26 | D461: 7817.24 | E461: 7819.59 | F461: -0.015182352 | H461: =IF(AND(G461>0.02),G461,"") | I461: 130412466176 | J461: 1.2188198e+11 | K461: 1.2579406e+11 | L461: =IF(AND(以前300和1000统计!C460<-10,J460<K460*1.05,以前300和1000统计!G460<10),L460*(2-E461/E460),L460) -> 7375.5392 | M461: =E461 -> 7819.59 | N461: =IF(L461=L460,1,0) -> 1 | S461: =IF(L461=L460,S460*E461/E460,S460) -> 7729.5402 | T461: =IF(L461<>L460,T460*L461/L460,T460*S461/S460) -> 7636.1318 | X461: =IF(AND(L461<>L460,以前300和1000统计!D461>以前300和1000统计!E461+30),1,"") | Y461: =IF(X461=1,E461/E460-1,"")
A462: 43025 | B462: 7799.78 | C462: 7836.4 | D462: 7772.89 | E462: 7805.07 | F462: -0.020991117 | H462: =IF(AND(G462>0.02),G462,"") | I462: 85511782400 | J462: 1.0980039e+11 | K462: 1.2034893e+11 | L462: =IF(AND(以前300和1000统计!C461<-10,J461<K461*1.05,以前300和1000统计!G461<10),L461*(2-E462/E461),L461) -> 7375.5392 | M462: =E462 -> 7805.07 | N462: =IF(L462=L461,1,0) -> 1 | O462: 7167.3745 | Q462: 0.0063280409 | R462: 0.0075946524 | S462: =IF(L462=L461,S461*E462/E461,S461) -> 7715.1874 | T462: =IF(L462<>L461,T461*L462/L461,T461*S462/S461) -> 7621.9524 | U462: 7994.46 | V462: -0.023690155 | W462: 0.0063280409 | X462: =IF(AND(L462<>L461,以前300和1000统计!D462>以前300和1000统计!E462+30),1,"") | Y462: =IF(X462=1,E462/E461-1,"")
A463: 43026 | B463: 7806.88 | C463: 7829.99 | D463: 7729.05 | E463: 7730.27 | F463: -0.011422594 | G463: -0.011422594 | H463: =IF(AND(G463>0.02),G463,"") | I463: 96559030272 | J463: 1.0416109e+11 | K463: 1.1835873e+11 | L463: =IF(AND(以前300和1000统计!C462<-10,J462<K462*1.05,以前300和1000统计!G462<10),L462*(2-E463/E462),L462) -> 7446.2228 | M463: =E463 -> 7730.27 | N463: =IF(L463=L462,1,0) -> 0 | S463: =IF(L463=L462,S462*E463/E462,S462) -> 7715.1874 | T463: =IF(L463<>L462,T462*L463/L462,T462*S463/S462) -> 7694.9975 | X463: =IF(AND(L463<>L462,以前300和1000统计!D463>以前300和1000统计!E463+30),1,"") | Y463: =IF(X463=1,E463/E462-1,"")
A464: 43027 | B464: 7718.8 | C464: 7734.9 | D464: 7637.61 | E464: 7656.06 | F464: -0.019091437 | G464: -0.019091437 | H464: =IF(AND(G464>0.02),G464,"") | I464: 94369988608 | J464: 92146933760 | K464: 115724087296 | L464: =IF(AND(以前300和1000统计!C463<-10,J463<K463*1.05,以前300和1000统计!G463<10),L463*(2-E464/E463),L463) -> 7517.706 | M464: =E464 -> 7656.06 | N464: =IF(L464=L463,1,0) -> 0 | S464: =IF(L464=L463,S463*E464/E463,S463) -> 7715.1874 | T464: =IF(L464<>L463,T463*L464/L463,T463*S464/S463) -> 7768.8689 | X464: =IF(AND(L464<>L463,以前300和1000统计!D464>以前300和1000统计!E464+30),1,"") | Y464: =IF(X464=1,E464/E463-1,"")
A465: 43028 | B465: 7650.08 | C465: 7751.43 | D465: 7647.06 | E465: 7751.43 | F465: 0.0027372912 | G465: 0.0027372912 | H465: =IF(AND(G465>0.02),G465,"") | I465: 79698259968 | J465: 9.0209093e+10 | K465: 1.1290454e+11 | L465: =IF(AND(以前300和1000统计!C464<-10,J464<K464*1.05,以前300和1000统计!G464<10),L464*(2-E465/E464),L464) -> 7424.0594 | M465: =E465 -> 7751.43 | N465: =IF(L465=L464,1,0) -> 0 | S465: =IF(L465=L464,S464*E465/E464,S464) -> 7715.1874 | T465: =IF(L465<>L464,T464*L465/L464,T464*S465/S464) -> 7672.0937 | X465: =IF(AND(L465<>L464,以前300和1000统计!D465>以前300和1000统计!E465+30),1,"") -> 1 | Y465: =IF(X465=1,E465/E464-1,"") -> 0.012456799
A466: 43031 | B466: 7753.69 | C466: 7793.81 | D466: 7746.89 | E466: 7793.54 | F466: 0.017957017 | G466: 0.017957017 | H466: =IF(AND(G466>0.02),G466,"") | I466: 86394257408 | J466: 86820835328 | K466: 111073321984 | L466: =IF(AND(以前300和1000统计!C465<-10,J465<K465*1.05,以前300和1000统计!G465<10),L465*(2-E466/E465),L465) -> 7383.7279 | M466: =E466 -> 7793.54 | N466: =IF(L466=L465,1,0) -> 0 | S466: =IF(L466=L465,S465*E466/E465,S465) -> 7715.1874 | T466: =IF(L466<>L465,T465*L466/L465,T465*S466/S465) -> 7630.4147 | X466: =IF(AND(L466<>L465,以前300和1000统计!D466>以前300和1000统计!E466+30),1,"") -> 1 | Y466: =IF(X466=1,E466/E465-1,"") -> 0.005432546
A467: 43032 | B467: 7786.3 | C467: 7786.3 | D467: 7702.55 | E467: 7752.92 | F467: 0.0001922226 | G467: 0.0001922226 | H467: =IF(AND(G467>0.02),G467,"") | I467: 88455360512 | J467: 8.4849293e+10 | K467: 1.0905141e+11 | L467: =IF(AND(以前300和1000统计!C466<-10,J466<K466*1.05,以前300和1000统计!G466<10),L466*(2-E467/E466),L466) -> 7422.2119 | M467: =E467 -> 7752.92 | N467: =IF(L467=L466,1,0) -> 0 | P467: 7212.7299 | S467: =IF(L467=L466,S466*E467/E466,S466) -> 7715.1874 | T467: =IF(L467<>L466,T466*L467/L466,T466*S467/S466) -> 7670.1844 | X467: =IF(AND(L467<>L466,以前300和1000统计!D467>以前300和1000统计!E467+30),1,"") | Y467: =IF(X467=1,E467/E466-1,"")
A468: 43033 | B468: 7745.32 | C468: 7799.87 | D468: 7740.49 | E468: 7799.75 | F468: 0.00079681377 | H468: =IF(AND(G468>0.02),G468,"") | I468: 83802591232 | J468: 8.6217403e+10 | K468: 1.064027e+11 | L468: =IF(AND(以前300和1000统计!C467<-10,J467<K467*1.05,以前300和1000统计!G467<10),L467*(2-E468/E467),L467) -> 7422.2119 | M468: =E468 -> 7799.75 | N468: =IF(L468=L467,1,0) -> 1 | S468: =IF(L468=L467,S467*E468/E467,S467) -> 7761.7895 | T468: =IF(L468<>L467,T467*L468/L467,T467*S468/S467) -> 7716.5147 | X468: =IF(AND(L468<>L467,以前300和1000统计!D468>以前300和1000统计!E468+30),1,"") | Y468: =IF(X468=1,E468/E467-1,"")
A469: 43034 | B469: 7791.74 | C469: 7836.7 | D469: 7783.91 | E469: 7830.11 | F469: 0.0099562487 | H469: =IF(AND(G469>0.02),G469,"") | I469: 100752822272 | J469: 9.1003591e+10 | K469: 1.0446059e+11 | L469: =IF(AND(以前300和1000统计!C468<-10,J468<K468*1.05,以前300和1000统计!G468<10),L468*(2-E469/E468),L468) -> 7422.2119 | M469: =E469 -> 7830.11 | N469: =IF(L469=L468,1,0) -> 1 | S469: =IF(L469=L468,S468*E469/E468,S468) -> 7792.0018 | T469: =IF(L469<>L468,T468*L469/L468,T468*S469/S468) -> 7746.5507 | X469: =IF(AND(L469<>L468,以前300和1000统计!D469>以前300和1000统计!E469+30),1,"") | Y469: =IF(X469=1,E469/E468-1,"")
...

Sheet 以前300和1000统计
A1: 交易时间 | C1: 1000
A2: 42334
A3: 42335
A4: 42338
A5: 42339
A6: 42340
A7: 42341
A8: 42342
A9: 42345
A10: 42346
A11: 42347
A12: 42348
A13: 42349
... A378: 42900
A379: 42901 | E379: 1000 | H379: 300
A380: 42902
A381: 42905
A382: 42906 | D382: 174 | E382: 7 | H382: 33 | I382: 5
A383: 42907 | C383: 158.5 | D383: 157 | E383: 7 | H383: 59 | I383: 3
A384: 42908 | C384: 106.33333 | D384: 38 | E384: 36 | G384: 38.333333 | H384: 36 | I384: 5
A385: 42909 | C385: 56.666667 | D385: 59 | E385: 41 | G385: 48.666667 | H385: 63 | I385: 4
A386: 42912 | C386: 49.666667 | D386: 141 | E386: 12 | G386: 67.333333 | H386: 115 | I386: 3
A387: 42913 | C387: 90.333333 | D387: 135 | E387: 11 | G387: 74 | H387: 56 | I387: 5
A388: 42914 | C388: 91.333333 | D388: 69 | E388: 48 | G388: 63.666667 | H388: 36 | I388: 8
A389: 42915 | C389: 20 | D389: 30 | E389: 115 | G389: 44.666667 | H389: 61 | I389: 6
A390: 42916 | C390: 2 | D390: 116 | E390: 46 | G390: 39 | H390: 44 | I390: 10
A391: 42919 | C391: 64.666667 | D391: 219 | E391: 10 | G391: 45 | H391: 55 | I391: 9
A392: 42920 | C392: 118.33333 | D392: 108 | E392: 32 | G392: 30 | H392: 27 | I392: 17
A393: 42921 | C393: 160.33333 | D393: 207 | E393: 11 | G393: 31.333333 | H393: 42 | I393: 4
A394: 42922 | C394: 148 | D394: 208 | E394: 36 | G394: 16 | H394: 9 | I394: 9
A395: 42923 | C395: 69 | D395: 48 | E395: 209 | G395: 26.333333 | H395: 58 | I395: 17
... A758: 43462 | C758: -385.33333 | D758: 20 | E758: 308 | G758: -96.666667 | H758: 15 | I758: 57
A759: 43467 | B759: 4408.53 | C759: -383 | D759: 24 | E759: 346 | G759: -90 | H759: 11 | I759: 114
A760: 43468 | B760: 4376.86 | C760: -308.66667 | D760: 25 | E760: 341 | G760: -78 | H760: 8 | I760: 97
A761: 43469 | B761: 4497.89 | C761: -189.66667 | D761: 77 | E761: 8 | G761: -53.666667 | H761: 37 | I761: 6
A762: 43472 | B762: 4594.15 | C762: -40 | D762: 133 | E762: 6 | G762: -7.6666667 | H762: 39 | I762: 4
A763: 43473 | B763: 4585.03 | C763: 82 | D763: 64 | E763: 14 | G763: 23.333333 | H763: 18 | I763: 14
A764: 43474 | B764: 4594.74 | C764: 76.666667 | D764: 59 | E764: 6 | G764: 17.333333 | H764: 16 | I764: 3
A765: 43475 | B765: 4582.48 | C765: 48.333333 | D765: 62 | E765: 20 | G765: 6.6666667 | H765: 12 | I765: 9
A766: 43476 | B766: 4621.61 | C766: 60 | D766: 104 | E766: 19 | G766: 11.333333 | H766: 26 | I766: 8
A767: 43479 | B767: 4594.19 | C767: 65.333333 | D767: 104 | E767: 35 | G767: 5.3333333 | H767: 17 | I767: 22
A768: 43480 | B768: 4644.17 | C768: 116.33333 | D768: 209 | E768: 14 | G768: 23 | H768: 61 | I768: 5
A769: 43481 | B769: 4637.2 | C769: 125.33333 | D769: 134 | E769: 22 | G769: 27.666667 | H769: 45 | I769: 13
A770: 43482 | B770: 4595.49 | C770: 109 | D770: 67 | E770: 47 | G770: 32.666667 | H770: 26 | I770: 16
... A2395: 45926 | B2395: 0 | C2395: -45.333333 | D2395: 58 | E2395: 182 | G2395: -11.333333 | H2395: 20 | I2395: 44
A2396: 45929 | B2396: 0 | C2396: -73 | D2396: 72 | E2396: 174 | G2396: =AVERAGE(H2394:H2396)-AVERAGE(I2394:I2396) -> -12.666667 | H2396: 38 | I2396: 28

Sheet Sheet3
A2: 交易时间
B3: 1000
A64: 43458 | B64: -175.33333 | C64: 4558.32
A65: 43459 | B65: -234.33333 | C65: 4514.62
A66: 43460 | B66: -241.66667 | C66: 4494.5
A67: 43461 | B67: -404.33333 | C67: 4424.65
A68: 43462 | B68: -385.33333 | C68: 4430.02
A69: 43467 | B69: -383 | C69: 4408.53
A70: 43468 | B70: -308.66667 | C70: 4376.86
A71: 43469 | B71: -189.66667 | C71: 4497.89
A72: 43472 | B72: -40 | C72: 4594.15
A73: 43473 | B73: 82 | C73: 4585.03
A74: 43474 | B74: 76.666667 | C74: 4594.74
A75: 43475 | B75: 48.333333 | C75: 4582.48
... A191: 43651 | B191: 77.333333 | C191: 5424.25
A192: 43654 | B192: 149.33333 | C192: 5244.27 | D192: 1
A193: 43655 | B193: 82.666667 | C193: 5260.34
A194: 43656 | B194: -30 | C194: 5214.64
A195: 43657 | B195: -199 | C195: 5206.4
A196: 43658 | B196: -189 | C196: 5219.19
A197: 43661 | B197: -94.333333 | C197: 5273.81
A198: 43662 | B198: -21 | C198: 5285.23
A199: 43663 | B199: 8.6666667 | C199: 5289.42
A200: 43664 | B200: -110.66667 | C200: 5194.6
A201: 43665 | B201: -138.66667 | C201: 5220.03
A202: 43668 | B202: -317 | C202: 5073.33
A203: 43669 | B203: -211.33333 | C203: 5131.1
A204: 43670 | B204: -180.66667 | C204: 5194.83
... A382: 43938 | B382: 56.666667 | C382: 5710.05
A383: 43941 | B383: 99.333333 | C383: 5803.4 | D383: 1
A384: 43942 | B384: 88 | C384: 5773.01
A385: 43943 | B385: 115.66667 | C385: 5826.56
A386: 43944 | B386: 72.333333 | C386: 5789.48
A387: 43945 | B387: 15.333333 | C387: 5675.51
A388: 43948 | B388: -73.666667 | C388: 5645.66
A389: 43949 | B389: -194 | C389: 5561.2
A390: 43950 | B390: -209.33333 | C390: 5547.63
A391: 43951 | B391: -135.66667 | C391: 5678.17
A392: 43957 | B392: 25 | C392: 5802.42
A393: 43958 | B393: 114.33333 | C393: 5795.87
A394: 43959 | B394: 132.33333 | C394: 5862.77
A395: 43962 | B395: 114 | C395: 5851.8
... A592: 44257 | B592: 99.666667 | C592: 6466.63
A593: 44258 | B593: 170.33333 | C593: 6553.6 | D593: 1
A594: 44259 | B594: 123.66667 | C594: 6434.89
A595: 44260 | B595: 155 | C595: 6456.28 | D595: 1
A596: 44263 | B596: 89 | C596: 6327.65
A597: 44264 | B597: 24.666667 | C597: 6126.28
A598: 44265 | B598: -78 | C598: 6078.24
A599: 44266 | B599: -69 | C599: 6219.66
A600: 44267 | B600: -18 | C600: 6220.48
A601: 44270 | B601: 4.3333333 | C601: 6177.74
A602: 44271 | B602: 25 | C602: 6233.46
A603: 44272 | B603: 33.333333 | C603: 6277.58
A604: 44273 | B604: 56.666667 | C604: 6298.89
A605: 44274 | B605: 9.3333333 | C605: 6250.81
A606: 44277 | B606: 44.666667 | C606: 6359.6
A607: 44278 | B607: 31.666667 | C607: 6289
... A652: 44347 | B652: 161 | C652: 6814.36
A653: 44348 | B653: 177.33333 | C653: 6854.73 | D653: 1
A654: 44349 | B654: 164 | C654: 6759.46
A655: 44350 | B655: 115.33333 | C655: 6754.07
A656: 44351 | B656: 50.333333 | C656: 6785.8
A657: 44354 | B657: 81.333333 | C657: 6861.85 | D657: 1
A658: 44355 | B658: 86.333333 | C658: 6809.86
A659: 44356 | B659: 102.33333 | C659: 6823.41
A660: 44357 | B660: 93 | C660: 6898.21 | D660: 1
A661: 44358 | B661: 64.333333 | C661: 6852.97
A662: 44362 | B662: 6.3333333 | C662: 6815.12
A663: 44363 | B663: -95.333333 | C663: 6673.24
A664: 44364 | B664: -109.66667 | C664: 6787.67
A665: 44365 | B665: -68 | C665: 6863.72
A666: 44368 | B666: 21.666667 | C666: 6968.3
A667: 44369 | B667: 71 | C667: 7000.25
A668: 44370 | B668: 90.333333 | C668: 7046.17
A669: 44371 | B669: 61.333333 | C669: 6974.64
A670: 44372 | B670: 47.666667 | C670: 7000.43
A671: 44375 | B671: 43.333333 | C671: 7063.47
A672: 44376 | B672: 24 | C672: 7004.3
... A763: 44512 | B763: 182.66667 | C763: 7697.81
A764: 44515 | B764: 207 | C764: 7676.48 | D764: 1
A765: 44516 | B765: 175.66667 | C765: 7589.18
A766: 44517 | B766: 164.66667 | C766: 7725.09
A767: 44518 | B767: 119.33333 | C767: 7714.8
A768: 44519 | B768: 150 | C768: 7803.76
A769: 44522 | B769: 155 | C769: 7947.37
A770: 44523 | B770: 188.66667 | C770: 7941.56
A771: 44524 | B771: 189 | C771: 7938.77
A772: 44525 | B772: 164.66667 | C772: 7925.76
A773: 44526 | B773: 133.33333 | C773: 7940.79
A774: 44529 | B774: 107.66667 | C774: 7999.83
A775: 44530 | B775: 118.33333 | C775: 8054.29
A776: 44531 | B776: 155.33333 | C776: 8055.82 | D776: 1
A777: 44532 | B777: 137.66667 | C777: 7968.24
A778: 44533 | B778: 118 | C778: 8023.96
A779: 44536 | B779: 41 | C779: 7906.76
A780: 44537 | B780: 10.333333 | C780: 7781.44
A781: 44538 | B781: -0.66666667 | C781: 7922.55
A782: 44539 | B782: 41.333333 | C782: 7931.76
A783: 44540 | B783: 72.666667 | C783: 7949.12
...

Sheet Sheet5
C1: 每次盈亏
A2: 7633.7204 | B2: 8826.0141 | C2: 0.15618775
A3: 8361.4799 | B3: 9446.8236 | C3: 0.12980283
A4: 10762.331 | B4: 12151.38 | C4: 0.12906582
A5: 7873.8227 | B5: 8877.9937 | C5: 0.12753284
A6: 12097.541 | B6: 13423.876 | C6: 0.10963672
A7: 11906.543 | B7: 12927.101 | C7: 0.085714002
A8: 8798.7154 | B8: 9523.0461 | C8: 0.082322324
A9: 9801.8264 | B9: 10605.258 | C9: 0.081967509
A10: 7165.1991 | B10: 7618.5122 | C10: 0.063265949
A11: 11507.406 | B11: 12175.313 | C11: 0.058041418
A12: 8552.3547 | B12: 9019.8226 | C12: 0.054659545 | J12: 每次亏钱 | K12: 20涨跌幅 | L12: 1
A13: 8010.7532 | B13: 8433.4534 | C13: 0.052766607 | J13: 0.037000783 | K13: -0.18433939 | L13: 1
A14: 9677.8104 | B14: 10146.838 | C14: 0.048464237 | J14: -0.035759836 | K14: -0.1525801 | L14: 1
A15: 7734.1764 | B15: 8095.0294 | C15: 0.046656936 | J15: -0.031206337 | K15: -0.15154671 | L15: 1
A16: 7821.752 | B16: 8165.8123 | C16: 0.043987626 | J16: -0.019385837 | K16: -0.11632688 | L16: 1
A17: 8029.6779 | B17: 8363.2792 | C17: 0.041546041 | J17: -0.012556033 | K17: -0.11410713 | L17: 1
A18: 7793.7017 | B18: 8094.303 | C18: 0.038569783 | J18: 0.028017254 | K18: -0.096309433 | L18: 1.0280173
A19: 11998.807 | B19: 12442.772 | C19: 0.037000783 | J19: 0.0029918588 | K19: -0.085989936 | L19: 1.0310929
A20: 10389.256 | B20: 10762.331 | C20: 0.035909725 | J20: -0.0043956015 | K20: -0.075176339 | L20: 1.0265607
A21: 8173.3793 | B21: 8461.9798 | C21: 0.035309817 | J21: 0.12980283 | K21: -0.065221226 | L21: 1.1598111
A22: 7769.0985 | B22: 8029.6779 | C22: 0.033540492 | J22: -0.029078136 | K22: -0.064653119 | L22: 1.126086
A23: 9305.5954 | B23: 9566.3126 | C23: 0.028017254 | J23: 0.0062589791 | K23: -0.063871288 | L23: 1.1331341
A24: 9566.3126 | B24: 9768.6151 | C24: 0.021147376 | J24: -0.0094109151 | K24: -0.062722504 | L24: 1.1224703
... A104: 8683.7066 | B104: 8173.3793 | C104: -0.058768377 | J104: -0.045211222 | K104: 0.039156925 | L104: 1.9712714
J105: 0.035309817 | K105: 0.041687034 | L105: 2.0408766
J106: 0.046656936 | K106: 0.047189315 | L106: 2.1360976 | M106: 前期20天涨跌幅 | N106: 波段盈亏平均
J107: -0.018712859 | K107: 0.048579627 | L107: 2.0961252 | M107: 跌10%以上的 | N107: -0.013
J108: 0.0078728436 | K108: 0.048937059 | L108: 2.1126276 | M108: 跌5-10%之间 | N108: 0.006
J109: -0.048385901 | K109: 0.049252263 | L109: 2.0104062 | M109: 跌5%y以内 | N109: 0.008
J110: -0.004234231 | K110: 0.061790237 | L110: 2.0104062 | M110: 涨5%以内 | N110: 0.006
J111: -0.020270036 | K111: 0.062911317 | L111: 2.0104062 | M111: 涨5%以上 | N111: -0.018
J112: -0.010933992 | K112: 0.065514784 | L112: 2.0104062
J113: -0.0063876004 | K113: 0.070645136 | L113: 2.0104062
J114: -0.028419273 | K114: 0.082404473 | L114: 2.0104062
J115: -0.039752416 | K115: 0.089755715 | L115: 2.0104062
J124: 每次亏钱 | K124: 5天涨跌幅
J125: -0.031206337 | K125: -0.11570684 | M125: 前期5天涨跌幅 | N125: 波段盈亏平均
J126: -0.058768377 | K126: -0.1155303 | M126: 跌10%以上的 | N126: -0.017
J127: 0.037000783 | K127: -0.10642188 | M127: 跌5-10%之间 | N127: -0.018
J128: -0.045211222 | K128: -0.091875525 | M128: 跌5%以内 | N128: 0.011
J129: -0.012556033 | K129: -0.083011552 | M129: 涨5%以内 | N129: -0.001
J130: -0.01668527 | K130: -0.07253418
J131: -0.021659656 | K131: -0.069845945
J132: -0.053693483 | K132: -0.069430922
J133: -0.020270036 | K133: -0.062470536
J134: -0.045569334 | K134: -0.061270295
J135: -0.029214324 | K135: -0.060402308
J136: 0.035309817 | K136: -0.055787598
J137: 0.0029918588 | K137: -0.053949326
J138: -0.00067699835 | K138: -0.050662425 | L138: 1
J139: 0.028017254 | K139: -0.049447693 | L139: 1.0280173
J140: -0.010417322 | K140: -0.048582935 | L140: 1.0173081
J141: -0.048385901 | K141: -0.04799459 | L141: 0.9680847
J142: 0.041546041 | K142: -0.045027986 | L142: 1.0083048
J143: -0.029078136 | K143: -0.043462462 | L143: 0.97898516
J144: -0.0098440665 | K144: -0.042896524 | L144: 0.96934797
J145: -0.028419273 | K145: -0.040526555 | L145: 0.9417998
J146: 0.01344403 | K146: -0.040344098 | L146: 0.95446139
J147: -0.0064338617 | K147: -0.040241443 | L147: 0.94832052
J148: 0.063265949 | K148: -0.039788417 | L148: 1.0083169
J149: 0.009212438 | K149: -0.039469645 | L149: 1.017606
... J227: -0.019385837 | K227: 0.04720878 | L227: 2.1313345
J233: 每次亏钱 | K233: 10天涨跌幅 | L233: 1
J234: -0.031206337 | K234: -0.14703245 | L234: 1 | M234: 前期10天涨跌幅 | N234: 波段盈亏平均
J235: 0.037000783 | K235: -0.11593734 | L235: 1 | M235: 跌10%以上的 | N235: -0.017
J236: -0.058768377 | K236: -0.11137086 | L236: 1 | M236: 跌5-10%之间 | N236: -0.022
J237: -0.012556033 | K237: -0.08529523 | L237: 1 | M237: 跌5%以内 | N237: 0.014
J238: -0.0064338617 | K238: -0.083457438 | L238: 1 | M238: 涨5%以内 | N238: 0.002
J239: -0.039752416 | K239: -0.083284142 | L239: 1
J240: 0.0029918588 | K240: -0.068909852 | L240: 1
J241: -0.0094109151 | K241: -0.067494845 | L241: 1
J242: -0.029078136 | K242: -0.066482 | L242: 1
J243: -0.021659656 | K243: -0.064821928 | L243: 1
J244: -0.045569334 | K244: -0.064224029 | L244: 1
J245: -0.026595436 | K245: -0.061127614 | L245: 1
J246: -0.01668527 | K246: -0.055857244 | L246: 1
J247: -0.010417322 | K247: -0.05363797 | L247: 1
J248: -0.029214324 | K248: -0.052170715 | L248: 1
J249: -0.048385901 | K249: -0.05209101 | L249: 1
J250: -0.053693483 | K250: -0.046280366 | L250: 0.94630652
... J336: -0.013448432 | K336: 0.038009672 | L336: 2.4022978

Sheet Sheet4
A1: -0.12438727
A2: -0.12153375
A3: -0.10853003
A4: -0.10612359 | G4: -0.12438727
A5: -0.096279503 | G5: -0.10853003
A6: -0.091913572 | G6: -0.10612359
A7: -0.088710968 | G7: -0.091913572
A8: -0.088271668 | G8: -0.088710968
A9: -0.085437646 | G9: -0.079949215
A10: -0.079949215 | G10: -0.075148431
A11: -0.079897998 | G11: -0.069339452
A12: -0.075148431 | G12: -0.066812154 | L12: 连续2天涨跌幅
A13: -0.073997465 | G13: -0.065069409 | L13: -5%以上的 | M13: 41 | P13: 全部时间占比 | Q13: 做空阶段 | S13: 全部时间占比 | T13: 做空阶段
A14: -0.069339452 | G14: -0.064525451 | L14: -5和-4% | M14: 110 | O14: 跌幅大于-5% | P14: 41 | Q14: 24 | R14: 跌幅大于-5% | S14: =P14/2003 -> 0.020469296 | T14: =Q14/635 -> 0.037795276
A15: -0.067472838 | G15: -0.057425474 | O15: -5%和-4% | P15: 110 | Q15: 9 | R15: -5%和-4% | S15: =P15/2003 -> 0.054917624 | T15: =Q15/635 -> 0.014173228
A16: -0.066812154 | G16: -0.057320511 | O16: -4%和-3% | P16: 83 | Q16: 38 | R16: -4%和-3% | S16: =P16/2003 -> 0.041437843 | T16: =Q16/635 -> 0.05984252
A17: -0.066055759 | G17: -0.056981752 | O17: -3%和-2% | P17: 134 | Q17: 57 | R17: -3%和-2% | S17: =P17/2003 -> 0.066899651 | T17: =Q17/635 -> 0.08976378
A18: -0.065069409 | G18: -0.056759514 | O18: -2%和-1% | P18: 287 | Q18: 114 | R18: -2%和-1% | S18: =P18/2003 -> 0.14328507 | T18: =Q18/635 -> 0.17952756
A19: -0.064525451 | G19: -0.055811619 | O19: -1%和0% | P19: 390 | Q19: 127 | R19: -1%和0% | S19: =P19/2003 -> 0.19470794 | T19: =Q19/635 -> 0.2
A20: -0.057425474 | G20: -0.054928821 | O20: 0和1% | P20: 404 | Q20: 108 | R20: 0和1% | S20: =P20/2003 -> 0.20169745 | T20: =Q20/635 -> 0.17007874
A21: -0.057320511 | G21: -0.053206985 | O21: 1%和2% | P21: 341 | Q21: 86 | R21: 1%和2% | S21: =P21/2003 -> 0.17024463 | T21: =Q21/635 -> 0.13543307
A22: -0.056981752 | G22: -0.051842968 | O22: 2%和3% | P22: 158 | Q22: 45 | R22: 2%和3% | S22: =P22/2003 -> 0.078881677 | T22: =Q22/635 -> 0.070866142
A23: -0.056963194 | G23: -0.051513052 | O23: 3%和4% | P23: 75 | Q23: 19 | R23: 3%和4% | S23: =P23/2003 -> 0.037443834 | T23: =Q23/635 -> 0.02992126
A24: -0.056759514 | G24: -0.051140914 | O24: 4%和5% | P24: 34 | Q24: 6 | R24: 4%和5% | S24: =P24/2003 -> 0.016974538 | T24: =Q24/635 -> 0.0094488189
A25: -0.056393286 | G25: -0.051001821 | O25: 大于5% | P25: 27 | Q25: 2 | R25: 大于5% | S25: =P25/2003 -> 0.01347978 | T25: =Q25/635 -> 0.0031496063
A26: -0.055811619 | G26: -0.050968669
A27: -0.054928821 | G27: -0.050885886
A28: -0.054374057 | G28: -0.047022751
A29: -0.054234222 | G29: -0.046976002
A30: -0.054101136 | G30: -0.044638426
A31: -0.053886158 | G31: -0.044616288
A32: -0.053206985 | G32: -0.04342112
A33: -0.052817265 | G33: -0.041552845
A34: -0.051842968 | G34: -0.041405702
A35: -0.051513052 | G35: -0.041089306
A36: -0.051140914 | G36: -0.040883579
A37: -0.051113025 | G37: -0.039747935
... A378: -0.015842857 | G378: 0.00058844316
A379: -0.015825098 | C379: 持股阶段涨跌幅 | G379: 0.00067604073
A380: -0.01579397 | G380: 0.0007126253
A381: -0.015765213 | G381: 0.00072004386
A382: -0.015755969 | G382: 0.00074001402
A383: -0.01571758 | G383: 0.00077871067
A384: -0.015642328 | G384: 0.00079294923
A385: -0.015628876 | G385: 0.00087254345
A386: -0.015577098 | G386: 0.0010120195
A387: -0.015574852 | G387: 0.0010788218
A388: -0.015555996 | G388: 0.001106615
A389: -0.015436523 | G389: 0.001193262
A390: -0.015295249 | G390: 0.0012960108
A391: -0.015277166 | G391: 0.0013701046
... A450: -0.01351818 | G450: 0.0061262307
A451: -0.013502023 | C451: -0.019618285 | G451: 0.0062050824
A452: -0.013484988 | C452: -0.013183893 | G452: 0.0063591635
A453: -0.01342365 | C453: 0.010143822 | G453: 0.0066716748
A454: -0.013387715 | C454: 0.0028581609 | G454: 0.006731397
A455: -0.013369962 | C455: 0.0041432839 | G455: 0.0068569913
A456: -0.013367119 | C456: 0.02224402 | G456: 0.0068974438
A457: -0.013286616 | C457: 0.019364776 | G457: 0.0069610664
A458: -0.013183893 | G458: 0.007034887
A459: -0.013121554 | G459: 0.00722199
A460: -0.013119377 | G460: 0.007244236
A461: -0.013118641 | G461: 0.0077182689
A462: -0.013058479 | G462: 0.0080254533
A463: -0.013022768 | C463: -0.011422594 | G463: 0.0081263601
A464: -0.013012183 | C464: -0.019091437 | G464: 0.0081572197
A465: -0.013006729 | C465: 0.0027372912 | G465: 0.0083546126
A466: -0.013003537 | C466: 0.017957017 | G466: 0.0084940437
A467: -0.012979801 | C467: 0.0001922226 | G467: 0.0087289651
A468: -0.012955357 | G468: 0.0087519512
A469: -0.01292919 | G469: 0.0087626716
A470: -0.012868727 | G470: 0.0088845545
A471: -0.012861815 | G471: 0.0089950103
A472: -0.012858585 | C472: -0.017910847 | G472: 0.0090103856
A473: -0.012803924 | C473: 0.0080254533 | G473: 0.0090236111
A474: -0.012797211 | C474: -0.01168573 | G474: 0.0090478015
A475: -0.012765765 | C475: -0.020753224 | G475: 0.0091447081
A476: -0.012761417 | C476: 0.001193262 | G476: 0.0091622233
A477: -0.012748059 | C477: 0.015940928 | G477: 0.0091648784
A478: -0.012719618 | C478: 0.0087626716 | G478: 0.0095844708
A479: -0.012689609 | G479: 0.0098496567
A480: -0.01267711 | G480: 0.0099065745
A481: -0.01259209 | G481: 0.010083346
A482: -0.012553101 | G482: 0.010143822
A483: -0.012516854 | G483: 0.010150631
A484: -0.012461823 | G484: 0.010158903
A485: -0.012445309 | G485: 0.010174256
A486: -0.012295542 | G486: 0.010294697
A487: -0.012290414 | C487: 0.0022893962 | G487: 0.010350982
A488: -0.012251591 | C488: 0.00067604073 | G488: 0.010410026
A489: -0.012152893 | G489: 0.010506906
A490: -0.012107244 | G490: 0.010775595
A491: -0.012048524 | G491: 0.010782742
A492: -0.012045154 | G492: 0.01080484
A493: -0.012025148 | G493: 0.010843777
A494: -0.011999946 | G494: 0.010907516
A495: -0.01190082 | G495: 0.01101517
A496: -0.011891713 | G496: 0.011177107
A497: -0.011882235 | G497: 0.011269994
A498: -0.011875029 | G498: 0.011324239
...

Sheet Sheet2
B1: 做空择时 | C1: 现金流择时 | D1: 1000不做空就现金流择时
A2: 43082 | B2: 7372.3291 | C2: 1998.036 | D2: =C2 -> 1998.036
A3: 43083 | B3: 7372.3291 | C3: 1990.13 | D3: =IF(B3=B2,D2*C3/C2,D2) -> 1990.13
A4: 43084 | B4: 7372.3291 | C4: 1971.878 | D4: =IF(B4=B3,D3*C4/C3,D3) -> 1971.878
A5: 43087 | B5: 7372.3291 | C5: 1971.878 | D5: =IF(B5=B4,D4*C5/C4,D4) -> 1971.878
A6: 43088 | B6: 7330.6741 | C6: 1971.878 | D6: =IF(B6=B5,D5*C6/C5,D5) -> 1971.878
A7: 43089 | B7: 7407.2687 | C7: 1971.878 | D7: =IF(B7=B6,D6*C7/C6,D6) -> 1971.878
A8: 43090 | B8: 7396.9175 | C8: 1971.878 | D8: =IF(B8=B7,D7*C8/C7,D7) -> 1971.878
A9: 43091 | B9: 7411.5407 | C9: 1971.878 | D9: =IF(B9=B8,D8*C9/C8,D8) -> 1971.878
A10: 43094 | B10: 7513.5818 | C10: 1971.878 | D10: =IF(B10=B9,D9*C10/C9,D9) -> 1971.878
A11: 43095 | B11: 7480.8449 | C11: 1971.878 | D11: =IF(B11=B10,D10*C11/C10,D10) -> 1971.878
A12: 43096 | B12: 7511.1193 | C12: 1971.878 | D12: =IF(B12=B11,D11*C12/C11,D11) -> 1971.878
A13: 43097 | B13: 7496.0376 | C13: 1971.878 | D13: =IF(B13=B12,D12*C13/C12,D12) -> 1971.878
A14: 43098 | B14: 7430.4464 | C14: 1971.878 | D14: =IF(B14=B13,D13*C14/C13,D13) -> 1971.878
... A1892: 45924 | B1892: 21726.565 | C1892: 6464.7976 | D1892: =IF(B1892=B1891,D1891*C1892/C1891,D1891) -> 6688.3866
C1893: 6464.7976 | D1893: =IF(B1893=B1892,D1892*C1893/C1892,D1892) -> 6688.3866
C1894: 6464.7976 | D1894: =IF(B1894=B1893,D1893*C1894/C1893,D1893) -> 6688.3866
C1895: 6464.7976 | D1895: =IF(B1895=B1894,D1894*C1895/C1894,D1894) -> 6688.3866
C1896: 6464.7976 | D1896: =IF(B1896=B1895,D1895*C1896/C1895,D1895) -> 6688.3866
C1897: 6464.7976 | D1897: =IF(B1897=B1896,D1896*C1897/C1896,D1896) -> 6688.3866
C1898: 6413.7269 | D1898: =IF(B1898=B1897,D1897*C1898/C1897,D1897) -> 6635.5496
C1899: 6393.7969 | D1899: =IF(B1899=B1898,D1898*C1899/C1898,D1898) -> 6614.9303
C1900: 6457.3238 | D1900: =IF(B1900=B1899,D1899*C1900/C1899,D1899) -> 6680.6544
C1901: 6421.2007 | D1901: =IF(B1901=B1900,D1900*C1901/C1900,D1900) -> 6643.2819
C1902: 6282.9362 | D1902: =IF(B1902=B1901,D1901*C1902/C1901,D1901) -> 6500.2355
C1903: 6317.8137 | D1903: =IF(B1903=B1902,D1902*C1903/C1902,D1902) -> 6536.3192
C1904: 6317.8137 | D1904: =IF(B1904=B1903,D1903*C1904/C1903,D1903) -> 6536.3192
... C1912: 6448.6889 | D1912: =IF(B1912=B1911,D1911*C1912/C1911,D1911) -> 6671.7208

Sheet Sheet6
J1: 净值 | K1: 跌多不做净值 | L1: 跌多反做净值
A2: 每次盈亏 | B2: 10天涨幅 | G2: 开仓到最大下跌 | H2: 收益 | J2: 1 | K2: 1 | L2: 1
G3: -0.15066393 | H3: -0.031206337 | I3: 0 | J3: 0.96879366 | K3: 1 | L3: 1.0322115
G4: -0.12673828 | H4: -0.058768377 | I4: 0 | J4: 0.91185923 | K4: 1 | L4: 1.0966605
G5: -0.10642188 | H5: 0.037000783 | I5: 0 | J5: 0.94559874 | K5: 1 | L5: 1.057531
A6: -0.021659656 | B6: -0.064821928 | G6: -0.094719227 | H6: -0.012556033 | I6: 0 | J6: 0.93372577 | K6: 1 | L6: 1.0709783
G7: -0.091875525 | H7: -0.045211222 | I7: 0 | J7: 0.89151089 | K7: 1 | L7: 1.1216913
G8: -0.084642988 | H8: -0.0064338617 | I8: 0 | J8: 0.88577503 | K8: 1 | L8: 1.1289548
G9: -0.083374246 | H9: -0.026595436 | I9: 0 | J9: 0.86221746 | K9: 1 | L9: 1.1598002
G10: -0.076642158 | H10: -0.0094109151 | I10: 0 | J10: 0.8541032 | K10: 1 | L10: 1.1708187
G11: -0.076032779 | H11: -0.039752416 | I11: 0 | J11: 0.82015053 | K11: 1 | L11: 1.2192884
G12: -0.072953076 | H12: -0.045569334 | I12: 0 | J12: 0.78277682 | K12: 1 | L12: 1.2775033
G13: -0.07253418 | H13: -0.01668527 | I13: 0 | J13: 0.76971598 | K13: 1 | L13: 1.2991805
G14: -0.071935253 | H14: 0.0029918588 | I14: 0 | J14: 0.77201886 | K14: 1 | L14: 1.2953051
G15: -0.070601101 | H15: -0.029078136 | I15: 0 | J15: 0.74956999 | K15: 1 | L15: 1.3340982
G16: -0.069430922 | H16: -0.053693483 | I16: 0 | J16: 0.70932297 | K16: 1 | L16: 1.409795
G17: -0.065784655 | H17: -0.048385901 | I17: 0 | J17: 0.67500174 | K17: 1 | L17: 1.4814777
G18: -0.064309973 | H18: -0.029214324 | I18: 0 | J18: 0.65528202 | K18: 1 | L18: 1.5260605
... G20: -0.062470536 | H20: -0.020270036 | I20: 0 | J20: 0.63531151 | K20: 1 | L20: 1.574031
G21: -0.05864154 | H21: 0.035309817 | I21: 0.035309817 | J21: 0.65774425 | K21: 1.0353098 | L21: 1.5203478 | O21: 平均
G22: -0.053657948 | H22: -0.054513081 | I22: -0.054513081 | J22: 0.62188858 | K22: 0.97887189 | L22: 1.6080051 | N22: 跌 4 到6 | O22: 0.02
G23: -0.053343913 | H23: -0.0040091952 | I23: -0.0040091952 | J23: 0.61939531 | K23: 0.9749474 | L23: 1.6144778 | N23: 跌 2到 4 | O23: 0.01
G24: -0.050662425 | H24: -0.00067699835 | I24: -0.00067699835 | J24: 0.61897598 | K24: 0.97428736 | L24: 1.6155716 | N24: 跌2以内 | O24: 0.02
G25: -0.05023589 | H25: -0.026036388 | I25: -0.026036388 | J25: 0.60286008 | K25: 0.94892044 | L25: 1.6587597
G26: -0.049447693 | H26: 0.028017254 | I26: 0.028017254 | J26: 0.61975056 | K26: 0.97550658 | L26: 1.7052336
G27: -0.04928412 | H27: 0.12980283 | I27: 0.12980283 | J27: 0.70019594 | K27: 1.1021301 | L27: 1.9265777
G28: -0.049034197 | H28: -0.01425928 | I28: -0.01425928 | J28: 0.69021165 | K28: 1.0864145 | L28: 1.8991061
G29: -0.048946365 | H29: 0.041546041 | I29: 0.041546041 | J29: 0.71888721 | K29: 1.1315507 | L29: 1.9780065
G30: -0.045632384 | H30: -0.015018833 | I30: -0.015018833 | J30: 0.70809036 | K30: 1.1145562 | L30: 1.9482991
G31: -0.045623282 | H31: -0.035759836 | I31: -0.035759836 | J31: 0.68276917 | K31: 1.0746998 | L31: 1.8786283
G32: -0.044340807 | H32: -0.028419273 | I32: -0.028419273 | J32: 0.66336537 | K32: 1.0441576 | L32: 1.825239
G33: -0.044073557 | H33: 0.085714002 | I33: 0.085714002 | J33: 0.72022507 | K33: 1.1336566 | L33: 1.9816875
G34: -0.043971463 | H34: 0.008069698 | I34: 0.008069698 | J34: 0.72603706 | K34: 1.1428048 | L34: 1.9976792
G35: -0.042896524 | H35: -0.0098440665 | I35: -0.0098440665 | J35: 0.71888991 | K35: 1.131555 | L35: 1.9780139
G36: -0.042444746 | H36: 0.009212438 | I36: 0.009212438 | J36: 0.72551264 | K36: 1.1419794 | L36: 1.9962362
... G52: -0.033537785 | H52: 0.01981222 | I52: 0.01981222 | J52: 1.1017253 | K52: 1.7341498 | L52: 3.0313793
A53: 收益 | B53: 前十天涨跌幅 | G53: -0.03262534 | H53: -0.0060478422 | I53: -0.0060478422 | J53: 1.0950623 | K53: 1.7236619 | L53: 3.013046
G54: -0.031047479 | H54: -0.0065042805 | I54: -0.0065042805 | J54: 1.0879397 | K54: 1.7124507 | L54: 2.9934483
A55: -0.018712859 | B55: 0.0013943461 | G55: -0.030080933 | H55: -0.0043956015 | I55: -0.0043956015 | J55: 1.0831575 | K55: 1.7049235 | L55: 2.9802903
G56: -0.029794972 | H56: 0.00082640969 | I56: 0.00082640969 | J56: 1.0840526 | K56: 1.7063325 | L56: 2.9827532
G57: -0.028825481 | H57: -0.013769246 | I57: -0.013769246 | J57: 1.0691261 | K57: 1.6828375 | L57: 2.941683
G58: -0.028672317 | H58: -0.010181978 | I58: -0.010181978 | J58: 1.0582402 | K58: 1.6657029 | L58: 2.9117308
G59: -0.02788206 | H59: -0.0020295464 | I59: -0.0020295464 | J59: 1.0560925 | K59: 1.6623223 | L59: 2.9058213
G60: -0.027254608 | H60: 0.046656936 | I60: 0.046656936 | J60: 1.1053665 | K60: 1.7398812 | L60: 3.041398
G61: -0.027206888 | H61: 0.15618775 | I61: 0.15618775 | J61: 1.2780112 | K61: 2.0116293 | L61: 3.5164271
G62: -0.026556702 | H62: -0.021808919 | I62: -0.021808919 | J62: 1.2501392 | K62: 1.9677578 | L62: 3.4397377
G63: -0.026157189 | H63: 0.0081275014 | I63: 0.0081275014 | J63: 1.2602997 | K63: 1.9837508 | L63: 3.4676941
G64: -0.025931054 | H64: -0.014040475 | I64: -0.014040475 | J64: 1.2426045 | K64: 1.955898 | L64: 3.4190061
G65: -0.025562465 | H65: -0.0063876004 | I65: -0.0063876004 | J65: 1.2346672 | K65: 1.9434045 | L65: 3.3971668
G66: -0.025165703 | H66: -0.014222381 | I66: -0.014222381 | J66: 1.2171073 | K66: 1.9157647 | L66: 3.348851
A67: 0.0063280409 | B67: 0.0075946524 | G67: -0.024811763 | H67: -0.016926509 | I67: -0.016926509 | J67: 1.196506 | K67: 1.8833374 | L67: 3.2921667
G68: -0.024650246 | H68: -0.024617164 | I68: -0.024617164 | J68: 1.1670514 | K68: 1.836975 | L68: 3.2111229
G69: -0.024418017 | H69: 0.0047002414 | I69: 0.0047002414 | J69: 1.1725368 | K69: 1.8456092 | L69: 3.2262159
G70: -0.024209753 | H70: 0.0031352818 | I70: 0.0031352818 | J70: 1.176213 | K70: 1.8513957 | L70: 3.236331
G71: -0.024122226 | H71: -0.019385837 | I71: -0.019385837 | J71: 1.1534112 | K71: 1.8155049 | L71: 3.173592
G72: -0.023967948 | H72: -0.015612673 | I72: -0.015612673 | J72: 1.1354033 | K72: 1.78716 | L72: 3.1240438
G73: -0.023690155 | H73: 0.0063280409 | I73: 0.0063280409 | J73: 1.1425882 | K73: 1.7984692 | L73: 3.1438128
G74: -0.023670281 | H74: 0.0003441968 | I74: 0.0003441968 | J74: 1.1429815 | K74: 1.7990883 | L74: 3.1448949
G75: -0.022373858 | H75: 0.035909725 | I75: 0.035909725 | J75: 1.1840256 | K75: 1.863693 | L75: 3.2578273
A76: -0.0060478422 | B76: -0.031323893 | G76: -0.021770069 | H76: -0.010289207 | I76: -0.010289207 | J76: 1.1718429 | K76: 1.8445171 | L76: 3.2243068
G77: -0.021498666 | H77: 0.021147376 | I77: 0.021147376 | J77: 1.1966244 | K77: 1.8835238 | L77: 3.2924924
G78: -0.021119715 | H78: 0.0062589791 | I78: 0.0062589791 | J78: 1.204114 | K78: 1.8953127 | L78: 3.3131001
G79: -0.021053098 | H79: 0.019223176 | I79: 0.019223176 | J79: 1.2272609 | K79: 1.9317467 | L79: 3.3767884
G80: -0.020980002 | H80: 0.0034398268 | I80: 0.0034398268 | J80: 1.2314825 | K80: 1.9383915 | L80: 3.3884039
G81: -0.020545467 | H81: -0.018434479 | I81: -0.018434479 | J81: 1.2087807 | K81: 1.9026583 | L81: 3.3259405
G82: -0.019870794 | H82: -0.011103167 | I82: -0.011103167 | J82: 1.1953594 | K82: 1.8815328 | L82: 3.289012
G83: -0.019858458 | H83: -0.0154889 | I83: -0.0154889 | J83: 1.1768446 | K83: 1.8523899 | L83: 3.2380688
G84: -0.019162328 | H84: 0.010521415 | I84: 0.010521415 | J84: 1.1892267 | K84: 1.8718797 | L84: 3.2721379
G85: -0.017690431 | H85: -0.0010185862 | I85: -0.0010185862 | J85: 1.1880154 | K85: 1.869973 | L85: 3.2688049
G86: -0.0174957 | H86: 0.081967509 | I86: 0.081967509 | J86: 1.285394 | K86: 2.02325 | L86: 3.5367407
G87: -0.017253108 | H87: 0.0081687947 | I87: 0.0081687947 | J87: 1.2958941 | K87: 2.0397775 | L87: 3.5656316
G88: -0.017147781 | H88: -0.0061225649 | I88: -0.0061225649 | J88: 1.2879599 | K88: 2.0272889 | L88: 3.5438008
... G90: -0.016811153 | H90: -0.0080467607 | I90: -0.0080467607 | J90: 1.3517495 | K90: 2.1276956 | L90: 3.7193168
A91: -0.00067699835 | B91: -0.034283936 | G91: -0.016283922 | H91: 0.12753284 | I91: 0.12753284 | J91: 1.524142 | K91: 2.3990467 | L91: 4.1936519
G92: -0.016117283 | H92: -0.0016565182 | I92: -0.0016565182 | J92: 1.5216172 | K92: 2.3950726 | L92: 4.186705
G93: -0.015530525 | H93: -0.013448432 | I93: -0.013448432 | J93: 1.5011538 | K93: 2.3628627 | L93: 4.1304004
A94: 0.0029918588 | B94: -0.068909852 | G94: -0.013022768 | H94: 0.052766607 | I94: 0.052766607 | J94: 1.5803646 | K94: 2.4875429 | L94: 4.3483476
G95: -0.012689609 | H95: 0.054659545 | I95: 0.054659545 | J95: 1.6667467 | K95: 2.6235109 | L95: 4.5860263
G96: -0.012596704 | H96: -0.012145275 | I96: -0.012145275 | J96: 1.6465036 | K96: 2.5916476 | L96: 4.5303277
G97: -0.011809347 | H97: -0.002851542 | I97: -0.002851542 | J97: 1.6418085 | K97: 2.5842574 | L97: 4.5174093
G98: -0.011379668 | H98: 0.043987626 | I98: 0.043987626 | J98: 1.7140277 | K98: 2.6979328 | L98: 4.7161194
G99: -0.011215566 | H99: 0.048464237 | I99: 0.048464237 | J99: 1.7970968 | K99: 2.828686 | L99: 4.9446826
G100: -0.0053462566 | H100: -0.010933992 | I100: -0.010933992 | J100: 1.7774473 | K100: 2.7977572 | L100: 4.8906174
G101: -0.0037439462 | H101: -0.0040184413 | I101: -0.0040184413 | J101: 1.7703048 | K101: 2.7865146 | L101: 4.8709648
G102: -0.0018172036 | H102: 0.0051134643 | I102: 0.0051134643 | J102: 1.7793572 | K102: 2.8007633 | L102: 4.8958723
G103: -0.0015798591 | H103: -0.012564338 | I103: -0.012564338 | J103: 1.7570007 | K103: 2.7655736 | L103: 4.8343589
A111: -0.002851542 | B111: -0.008947092
A142: 0.063265949 | B142: -0.02187139
A183: -0.0061225649 | B183: -0.006805929
A188: 0.0081687947 | B188: 0.0050341996
A215: 0.15618775 | B215: -0.014362408
A243: -0.035759836 | B243: -0.019104218
A262: 0.01344403 | B262: -0.015927438
A272: 0.0003441968 | B272: -0.039243358
A284: 0.01981222 | B284: -0.0051591103
A305: 0.082322324 | B305: -0.002655457
A310: -0.031206337 | B310: -0.14703245
A317: -0.019385837 | B317: -0.024969652
... A1983: -0.004234231 | B1983: -0.013494017

Sheet Sheet7
A1: 收益 | B1: 前十天涨跌幅 | I1: 开仓到最大下跌 | J1: 收益
A2: -0.018712859 | B2: 0.0013943461 | I2: -0.023690155 | J2: 0.0063280409
A3: 0.0063280409 | B3: 0.0075946524
A4: -0.0060478422 | B4: -0.031323893
A5: -0.00067699835 | B5: -0.034283936
A6: 0.0029918588 | B6: -0.068909852
A7: -0.002851542 | B7: -0.008947092
A8: 0.063265949 | B8: -0.02187139
A9: -0.0061225649 | B9: -0.006805929
A10: 0.0081687947 | B10: 0.0050341996
A11: 0.15618775 | B11: -0.014362408 | I11: -0.03262534 | J11: -0.0060478422
A12: -0.035759836 | B12: -0.019104218
A13: 0.01344403 | B13: -0.015927438
A14: 0.0003441968 | B14: -0.039243358
A15: 0.01981222 | B15: -0.0051591103
A16: 0.082322324 | B16: -0.002655457
A17: -0.031206337 | B17: -0.14703245
A18: -0.019385837 | B18: -0.024969652
A19: -0.020270036 | B19: -0.013543807
A20: -0.048385901 | B20: -0.05209101
A21: -0.018459334 | B21: 0.0092560421
A22: 0.0083295327 | B22: -0.0013532178
A23: -0.029214324 | B23: -0.052170715
... A25: 0.12753284 | B25: -0.013201384
A26: -0.0043956015 | B26: -0.010931368 | I26: -0.050662425 | J26: -0.00067699835
A27: -0.014222381 | B27: -0.017923643
A28: -0.01425928 | B28: -0.025554108
A29: -0.0042681068 | B29: -0.038816664 | I29: -0.071935253 | J29: 0.0029918588
A30: 0.054659545 | B30: -0.0041138875
A31: -0.029078136 | B31: -0.066482
A32: 0.0078728436 | B32: -0.034367664
A33: -0.0154889 | B33: 0.019677427
A34: 0.010521415 | B34: 0.0040923833
A35: -0.011103167 | B35: -0.026432885
A36: -0.058768377 | B36: -0.11137086
A37: 0.035309817 | B37: 0.012687852
A38: -0.0065042805 | B38: 0.011973772
A39: 0.0047002414 | B39: -0.00072983003
A40: -0.039752416 | B40: -0.083284142
A41: -0.0098440665 | B41: 0.0092140991
... A45: 0.038569783 | B45: 0.023371053
A46: -0.018434479 | B46: -0.026765604 | I46: -0.011809347 | J46: -0.002851542
A47: 0.0031352818 | B47: -0.0049787161
A48: 0.0051134643 | B48: -0.010815217
A49: 0.052766607 | B49: 0.027998981
A50: -0.01668527 | B50: -0.055857244
A51: -0.021808919 | B51: -0.0046545953
A52: -0.0040184413 | B52: 0.005858175
A53: -0.016926509 | B53: -0.0060209416
A54: -0.0016565182 | B54: 0.026792699
A55: -0.024617164 | B55: 0.0027967465
A56: 0.046656936 | B56: 0.0083332683
A57: -0.0094109151 | B57: -0.067494845
A58: -0.010181978 | B58: -0.026108029
... A76: -0.010289207 | B76: -0.0037800276
A77: -0.0020295464 | B77: 0.0018027699 | I77: -0.039788417 | J77: 0.063265949
A78: -0.0080467607 | B78: 0.01648972
A79: -0.014040475 | B79: -0.024108127
A80: 0.081967509 | B80: -0.0056169422
A81: -0.013448432 | B81: 0.038009672
A82: 0.0034398268 | B82: -0.0058303163
A83: -0.010417322 | B83: -0.05363797
A84: 0.035909725 | B84: -0.015127423
A85: 0.12906582 | B85: -0.021228127
A86: -0.012556033 | B86: -0.08529523
A87: 0.037000783 | B87: -0.11593734
A88: -0.053693483 | B88: -0.046280366
A89: 0.011199183 | B89: -0.018113596
... A103: -0.004234231 | B103: -0.013494017
I118: -0.017147781 | J118: -0.0061225649
I123: -0.017253108 | J123: 0.0081687947
I150: -0.027206888 | J150: 0.15618775
I178: -0.045623282 | J178: -0.035759836
I197: -0.040344098 | J197: 0.01344403
I207: -0.023670281 | J207: 0.0003441968
I219: -0.033537785 | J219: 0.01981222
I240: -0.03953112 | J240: 0.082322324
I245: -0.15066393 | J245: -0.031206337
I252: -0.024122226 | J252: -0.019385837
I274: -0.062470536 | J274: -0.020270036
I277: -0.065784655 | J277: -0.048385901
... I1918: -0.039229985 | J1918: -0.004234231
